{
    "info": {
        "image_name": "00005182.jpg",
        "mission": "도심지",
        "region_name": "Daegu-Geumho-District",
        "width": 3840,
        "height": 2160,
        "date": "202007171236",
        "frame_id": "00005182",
        "copyright": "ISLab, University of Ulsan, https://islab.ulsan.ac.kr",
        "altitude": "60.00000192",
        "latitude": "35.895347368494",
        "longitude": "128.514986178046",
        "weather": "sunny",
        "device": "카메라",
        "drone_name": "DJI Mavic2",
        "angle": "90",
        "speed": "6.5766036 m/s"
    },
    "shapes": [
        {
            "label": "tree, 나무",
            "points": [
                [
                    781.5810546875,
                    187.2404327393
                ],
                [
                    1100.8217773438,
                    498.5178222656
                ]
            ],
            "shape_type": "bbox",
            "occluded": 0,
            "object_id": 1,
            "LargeCategory": "natural, 자연물",
            "MediumCategory": "tree, 나무",
            "SmallCategory": ""
        },
        {
            "label": "tree, 나무",
            "points": [
                [
                    962.2432250977,
                    1824.2927246094
                ],
                [
                    1265.5539550781,
                    2122.9189453125
                ]
            ],
            "shape_type": "bbox",
            "occluded": 0,
            "object_id": 2,
            "LargeCategory": "natural, 자연물",
            "MediumCategory": "tree, 나무",
            "SmallCategory": ""
        },
        {
            "label": "tree, 나무",
            "points": [
                [
                    915.2917480469,
                    1412.9733886719
                ],
                [
                    1179.8218994141,
                    1685.3383789062
                ]
            ],
            "shape_type": "bbox",
            "occluded": 0,
            "object_id": 3,
            "LargeCategory": "natural, 자연물",
            "MediumCategory": "tree, 나무",
            "SmallCategory": ""
        },
        {
            "label": "tree, 나무",
            "points": [
                [
                    846.4212036133,
                    638.1234130859
                ],
                [
                    1067.0252685547,
                    832.6439819336
                ]
            ],
            "shape_type": "bbox",
            "occluded": 0,
            "object_id": 4,
            "LargeCategory": "natural, 자연물",
            "MediumCategory": "tree, 나무",
            "SmallCategory": ""
        },
        {
            "label": "tree, 나무",
            "points": [
                [
                    1197.3485107422,
                    1169.3933105469
                ],
                [
                    1568.3356933594,
                    1538.9912109375
                ]
            ],
            "shape_type": "bbox",
            "occluded": 0,
            "object_id": 5,
            "LargeCategory": "natural, 자연물",
            "MediumCategory": "tree, 나무",
            "SmallCategory": ""
        },
        {
            "label": "tree, 나무",
            "points": [
                [
                    905.4099121094,
                    1061.5490722656
                ],
                [
                    1120.1055908203,
                    1253.4818115234
                ]
            ],
            "shape_type": "bbox",
            "occluded": 0,
            "object_id": 6,
            "LargeCategory": "natural, 자연물",
            "MediumCategory": "tree, 나무",
            "SmallCategory": ""
        },
        {
            "label": "tree, 나무",
            "points": [
                [
                    1174.576171875,
                    751.1528320312
                ],
                [
                    1558.1096191406,
                    1123.7805175781
                ]
            ],
            "shape_type": "bbox",
            "occluded": 0,
            "object_id": 7,
            "LargeCategory": "natural, 자연물",
            "MediumCategory": "tree, 나무",
            "SmallCategory": ""
        },
        {
            "label": "tree, 나무",
            "points": [
                [
                    1314.5648193359,
                    1607.9036865234
                ],
                [
                    1630.7817382812,
                    1925.0375976562
                ]
            ],
            "shape_type": "bbox",
            "occluded": 0,
            "object_id": 8,
            "LargeCategory": "natural, 자연물",
            "MediumCategory": "tree, 나무",
            "SmallCategory": ""
        },
        {
            "label": "tree, 나무",
            "points": [
                [
                    996.8748779297,
                    32.5254364014
                ],
                [
                    1523.9617919922,
                    409.3369445801
                ]
            ],
            "shape_type": "bbox",
            "occluded": 0,
            "object_id": 9,
            "LargeCategory": "natural, 자연물",
            "MediumCategory": "tree, 나무",
            "SmallCategory": ""
        },
        {
            "label": "tree, 나무",
            "points": [
                [
                    2937.0510253906,
                    1533.5021972656
                ],
                [
                    3075.2822265625,
                    1659.4565429688
                ]
            ],
            "shape_type": "bbox",
            "occluded": 0,
            "object_id": 10,
            "LargeCategory": "natural, 자연물",
            "MediumCategory": "tree, 나무",
            "SmallCategory": ""
        },
        {
            "label": "house, 주택",
            "points": [
                [
                    1622.390625,
                    129.6833496094
                ],
                [
                    2866.5693359375,
                    1568.9929199219
                ]
            ],
            "shape_type": "bbox",
            "occluded": 0,
            "object_id": 11,
            "LargeCategory": "artifact, 인공물",
            "MediumCategory": "building, 건물",
            "SmallCategory": "house, 주택"
        },
        {
            "label": "car_vechicle, 승용차",
            "points": [
                [
                    3452.3647460938,
                    1132.0892333984
                ],
                [
                    3583.3999023438,
                    1372.6934814453
                ]
            ],
            "shape_type": "bbox",
            "occluded": 0,
            "object_id": 12,
            "LargeCategory": "artifact, 인공물",
            "MediumCategory": "vehicle, 차량",
            "SmallCategory": "car_vechicle, 승용차"
        },
        {
            "label": "car_vechicle, 승용차",
            "points": [
                [
                    738.7313232422,
                    1535.0509033203
                ],
                [
                    858.7491455078,
                    1774.5008544922
                ]
            ],
            "shape_type": "bbox",
            "occluded": 0,
            "object_id": 13,
            "LargeCategory": "artifact, 인공물",
            "MediumCategory": "vehicle, 차량",
            "SmallCategory": "car_vechicle, 승용차"
        },
        {
            "label": "car_vechicle, 승용차",
            "points": [
                [
                    3366.8186035156,
                    582.5838012695
                ],
                [
                    3505.6135253906,
                    829.6099853516
                ]
            ],
            "shape_type": "bbox",
            "occluded": 0,
            "object_id": 14,
            "LargeCategory": "artifact, 인공물",
            "MediumCategory": "vehicle, 차량",
            "SmallCategory": "car_vechicle, 승용차"
        },
        {
            "label": "car_vechicle, 승용차",
            "points": [
                [
                    3135.4653320312,
                    22.2543945312
                ],
                [
                    3258.7485351562,
                    267.8921508789
                ]
            ],
            "shape_type": "bbox",
            "occluded": 0,
            "object_id": 15,
            "LargeCategory": "artifact, 인공물",
            "MediumCategory": "vehicle, 차량",
            "SmallCategory": "car_vechicle, 승용차"
        },
        {
            "label": "car_vechicle, 승용차",
            "points": [
                [
                    3021.8898925781,
                    1675.9266357422
                ],
                [
                    3149.5922851562,
                    1922.5050048828
                ]
            ],
            "shape_type": "bbox",
            "occluded": 0,
            "object_id": 16,
            "LargeCategory": "artifact, 인공물",
            "MediumCategory": "vehicle, 차량",
            "SmallCategory": "car_vechicle, 승용차"
        },
        {
            "label": "car_vechicle, 승용차",
            "points": [
                [
                    3250.7189941406,
                    1661.8504638672
                ],
                [
                    3375.7658691406,
                    1912.3128662109
                ]
            ],
            "shape_type": "bbox",
            "occluded": 0,
            "object_id": 17,
            "LargeCategory": "artifact, 인공물",
            "MediumCategory": "vehicle, 차량",
            "SmallCategory": "car_vechicle, 승용차"
        },
        {
            "label": "car_vechicle, 승용차",
            "points": [
                [
                    0.0,
                    22.3136463165
                ],
                [
                    159.9588928223,
                    137.1979370117
                ]
            ],
            "shape_type": "bbox",
            "occluded": 0,
            "object_id": 18,
            "LargeCategory": "artifact, 인공물",
            "MediumCategory": "vehicle, 차량",
            "SmallCategory": "car_vechicle, 승용차"
        },
        {
            "label": "car_vechicle, 승용차",
            "points": [
                [
                    3064.2729492188,
                    529.682434082
                ],
                [
                    3193.6274414062,
                    778.2337036133
                ]
            ],
            "shape_type": "bbox",
            "occluded": 0,
            "object_id": 19,
            "LargeCategory": "artifact, 인공물",
            "MediumCategory": "vehicle, 차량",
            "SmallCategory": "car_vechicle, 승용차"
        },
        {
            "label": "car_vechicle, 승용차",
            "points": [
                [
                    3184.07421875,
                    981.73046875
                ],
                [
                    3310.0661621094,
                    1222.8586425781
                ]
            ],
            "shape_type": "bbox",
            "occluded": 0,
            "object_id": 20,
            "LargeCategory": "artifact, 인공물",
            "MediumCategory": "vehicle, 차량",
            "SmallCategory": "car_vechicle, 승용차"
        },
        {
            "label": "car_vechicle, 승용차",
            "points": [
                [
                    2993.2075195312,
                    0.0
                ],
                [
                    3098.3283691406,
                    181.0778503418
                ]
            ],
            "shape_type": "bbox",
            "occluded": 0,
            "object_id": 21,
            "LargeCategory": "artifact, 인공물",
            "MediumCategory": "vehicle, 차량",
            "SmallCategory": "car_vechicle, 승용차"
        },
        {
            "label": "car_vechicle, 승용차",
            "points": [
                [
                    3156.0466308594,
                    1652.6647949219
                ],
                [
                    3278.9438476562,
                    1917.0620117188
                ]
            ],
            "shape_type": "bbox",
            "occluded": 0,
            "object_id": 22,
            "LargeCategory": "artifact, 인공물",
            "MediumCategory": "vehicle, 차량",
            "SmallCategory": "car_vechicle, 승용차"
        },
        {
            "label": "car_vechicle, 승용차",
            "points": [
                [
                    2923.7373046875,
                    1690.4145507812
                ],
                [
                    3040.7944335938,
                    1926.4739990234
                ]
            ],
            "shape_type": "bbox",
            "occluded": 0,
            "object_id": 23,
            "LargeCategory": "artifact, 인공물",
            "MediumCategory": "vehicle, 차량",
            "SmallCategory": "car_vechicle, 승용차"
        },
        {
            "label": "car_vechicle, 승용차",
            "points": [
                [
                    3587.0397949219,
                    1920.1348876953
                ],
                [
                    3729.8488769531,
                    2157.0766601562
                ]
            ],
            "shape_type": "bbox",
            "occluded": 0,
            "object_id": 24,
            "LargeCategory": "artifact, 인공물",
            "MediumCategory": "vehicle, 차량",
            "SmallCategory": "car_vechicle, 승용차"
        },
        {
            "label": "truck_vehicle, 트럭",
            "points": [
                [
                    3537.4755859375,
                    1633.8303222656
                ],
                [
                    3671.4741210938,
                    1902.5206298828
                ]
            ],
            "shape_type": "bbox",
            "occluded": 0,
            "object_id": 25,
            "LargeCategory": "artifact, 인공물",
            "MediumCategory": "vehicle, 차량",
            "SmallCategory": "truck_vehicle, 트럭"
        }
    ]
}