{
    "info": {
        "image_name": "00000007.jpg",
        "mission": "도심지",
        "region_name": "Daegu-Geumho-District",
        "width": 3840,
        "height": 2160,
        "date": "202007171236",
        "frame_id": "00000007",
        "copyright": "ISLab, University of Ulsan, https://islab.ulsan.ac.kr",
        "altitude": "0.0",
        "latitude": "35.8958627291261",
        "longitude": "128.513766170588",
        "weather": "sunny",
        "device": "카메라",
        "drone_name": "DJI Mavic2",
        "angle": "90",
        "speed": "0 m/s"
    },
    "shapes": [
        {
            "label": "tree, 나무",
            "points": [
                [
                    2282.6801757812,
                    448.5433044434
                ],
                [
                    2635.3713378906,
                    730.1347045898
                ]
            ],
            "shape_type": "bbox",
            "occluded": 0,
            "object_id": 1,
            "LargeCategory": "natural, 자연물",
            "MediumCategory": "tree, 나무",
            "SmallCategory": ""
        },
        {
            "label": "tree, 나무",
            "points": [
                [
                    3654.3715820312,
                    626.7789916992
                ],
                [
                    3836.7875976562,
                    782.1995849609
                ]
            ],
            "shape_type": "bbox",
            "occluded": 0,
            "object_id": 2,
            "LargeCategory": "natural, 자연물",
            "MediumCategory": "tree, 나무",
            "SmallCategory": ""
        },
        {
            "label": "house, 주택",
            "points": [
                [
                    160.0864105225,
                    63.4369163513
                ],
                [
                    1134.3959960938,
                    707.9100952148
                ]
            ],
            "shape_type": "bbox",
            "occluded": 0,
            "object_id": 3,
            "LargeCategory": "artifact, 인공물",
            "MediumCategory": "building, 건물",
            "SmallCategory": "house, 주택"
        },
        {
            "label": "house, 주택",
            "points": [
                [
                    2725.8405761719,
                    0.0
                ],
                [
                    3730.5168457031,
                    819.6650390625
                ]
            ],
            "shape_type": "bbox",
            "occluded": 0,
            "object_id": 4,
            "LargeCategory": "artifact, 인공물",
            "MediumCategory": "building, 건물",
            "SmallCategory": "house, 주택"
        },
        {
            "label": "house, 주택",
            "points": [
                [
                    1068.4241943359,
                    0.0
                ],
                [
                    2153.5183105469,
                    631.5145874023
                ]
            ],
            "shape_type": "bbox",
            "occluded": 0,
            "object_id": 5,
            "LargeCategory": "artifact, 인공물",
            "MediumCategory": "building, 건물",
            "SmallCategory": "house, 주택"
        }
    ]
}