{
    "info": {
        "image_name": "00000462.jpg",
        "mission": "도심지",
        "region_name": "Daegu-Geumho-District",
        "width": 3840,
        "height": 2160,
        "date": "202007171236",
        "frame_id": "00000462",
        "copyright": "ISLab, University of Ulsan, https://islab.ulsan.ac.kr",
        "altitude": "31.2000009984",
        "latitude": "35.8958629091841",
        "longitude": "128.513764951944",
        "weather": "sunny",
        "device": "카메라",
        "drone_name": "DJI Mavic2",
        "angle": "90",
        "speed": "0 m/s"
    },
    "shapes": [
        {
            "label": "house, 주택",
            "points": [
                [
                    307.8850708008,
                    1140.8898925781
                ],
                [
                    2167.7973632812,
                    2080.7814941406
                ]
            ],
            "shape_type": "bbox",
            "occluded": 0,
            "object_id": 1,
            "LargeCategory": "artifact, 인공물",
            "MediumCategory": "building, 건물",
            "SmallCategory": "house, 주택"
        }
    ]
}