{
    "info": {
        "image_name": "00004709.jpg",
        "mission": "도심지",
        "region_name": "Daegu-Geumho-District",
        "width": 3840,
        "height": 2160,
        "date": "202007171236",
        "frame_id": "00004709",
        "copyright": "ISLab, University of Ulsan, https://islab.ulsan.ac.kr",
        "altitude": "60.00000192",
        "latitude": "35.8952633426984",
        "longitude": "128.515502370993",
        "weather": "sunny",
        "device": "카메라",
        "drone_name": "DJI Mavic2",
        "angle": "90",
        "speed": "6.5766036 m/s"
    },
    "shapes": [
        {
            "label": "tree, 나무",
            "points": [
                [
                    770.9935302734,
                    522.8825683594
                ],
                [
                    1098.6938476562,
                    846.6072998047
                ]
            ],
            "shape_type": "bbox",
            "occluded": 0,
            "object_id": 1,
            "LargeCategory": "natural, 자연물",
            "MediumCategory": "tree, 나무",
            "SmallCategory": ""
        },
        {
            "label": "tree, 나무",
            "points": [
                [
                    741.1975097656,
                    130.5476989746
                ],
                [
                    1099.7104492188,
                    448.0000915527
                ]
            ],
            "shape_type": "bbox",
            "occluded": 0,
            "object_id": 2,
            "LargeCategory": "natural, 자연물",
            "MediumCategory": "tree, 나무",
            "SmallCategory": ""
        },
        {
            "label": "tree, 나무",
            "points": [
                [
                    866.3389892578,
                    1779.6890869141
                ],
                [
                    1187.6682128906,
                    2148.7365722656
                ]
            ],
            "shape_type": "bbox",
            "occluded": 0,
            "object_id": 3,
            "LargeCategory": "natural, 자연물",
            "MediumCategory": "tree, 나무",
            "SmallCategory": ""
        },
        {
            "label": "tree, 나무",
            "points": [
                [
                    778.2744750977,
                    985.7283325195
                ],
                [
                    1116.4019775391,
                    1325.8819580078
                ]
            ],
            "shape_type": "bbox",
            "occluded": 0,
            "object_id": 4,
            "LargeCategory": "natural, 자연물",
            "MediumCategory": "tree, 나무",
            "SmallCategory": ""
        },
        {
            "label": "tree, 나무",
            "points": [
                [
                    849.0581054688,
                    1408.9881591797
                ],
                [
                    1097.8350830078,
                    1659.3697509766
                ]
            ],
            "shape_type": "bbox",
            "occluded": 0,
            "object_id": 5,
            "LargeCategory": "natural, 자연물",
            "MediumCategory": "tree, 나무",
            "SmallCategory": ""
        },
        {
            "label": "tree, 나무",
            "points": [
                [
                    2027.0848388672,
                    1291.8156738281
                ],
                [
                    2307.1811523438,
                    1564.6217041016
                ]
            ],
            "shape_type": "bbox",
            "occluded": 0,
            "object_id": 6,
            "LargeCategory": "natural, 자연물",
            "MediumCategory": "tree, 나무",
            "SmallCategory": ""
        },
        {
            "label": "house, 주택",
            "points": [
                [
                    1978.2214355469,
                    1725.7707519531
                ],
                [
                    2999.5690917969,
                    2142.9692382812
                ]
            ],
            "shape_type": "bbox",
            "occluded": 0,
            "object_id": 7,
            "LargeCategory": "artifact, 인공물",
            "MediumCategory": "building, 건물",
            "SmallCategory": "house, 주택"
        },
        {
            "label": "car_vechicle, 승용차",
            "points": [
                [
                    3527.8720703125,
                    591.9107055664
                ],
                [
                    3733.0947265625,
                    778.2715454102
                ]
            ],
            "shape_type": "bbox",
            "occluded": 0,
            "object_id": 8,
            "LargeCategory": "artifact, 인공물",
            "MediumCategory": "vehicle, 차량",
            "SmallCategory": "car_vechicle, 승용차"
        },
        {
            "label": "car_vechicle, 승용차",
            "points": [
                [
                    3085.4064941406,
                    66.496307373
                ],
                [
                    3211.3513183594,
                    309.9778137207
                ]
            ],
            "shape_type": "bbox",
            "occluded": 0,
            "object_id": 9,
            "LargeCategory": "artifact, 인공물",
            "MediumCategory": "vehicle, 차량",
            "SmallCategory": "car_vechicle, 승용차"
        },
        {
            "label": "car_vechicle, 승용차",
            "points": [
                [
                    3369.5751953125,
                    14.4223871231
                ],
                [
                    3493.5559082031,
                    246.1401672363
                ]
            ],
            "shape_type": "bbox",
            "occluded": 0,
            "object_id": 10,
            "LargeCategory": "artifact, 인공물",
            "MediumCategory": "vehicle, 차량",
            "SmallCategory": "car_vechicle, 승용차"
        },
        {
            "label": "car_vechicle, 승용차",
            "points": [
                [
                    3037.3635253906,
                    1731.6038818359
                ],
                [
                    3147.57421875,
                    1961.0209960938
                ]
            ],
            "shape_type": "bbox",
            "occluded": 0,
            "object_id": 11,
            "LargeCategory": "artifact, 인공물",
            "MediumCategory": "vehicle, 차량",
            "SmallCategory": "car_vechicle, 승용차"
        },
        {
            "label": "car_vechicle, 승용차",
            "points": [
                [
                    3549.1025390625,
                    1805.7110595703
                ],
                [
                    3670.9301757812,
                    2047.1087646484
                ]
            ],
            "shape_type": "bbox",
            "occluded": 0,
            "object_id": 12,
            "LargeCategory": "artifact, 인공물",
            "MediumCategory": "vehicle, 차량",
            "SmallCategory": "car_vechicle, 승용차"
        },
        {
            "label": "car_vechicle, 승용차",
            "points": [
                [
                    3192.7900390625,
                    1085.6944580078
                ],
                [
                    3312.3696289062,
                    1341.0345458984
                ]
            ],
            "shape_type": "bbox",
            "occluded": 0,
            "object_id": 13,
            "LargeCategory": "artifact, 인공물",
            "MediumCategory": "vehicle, 차량",
            "SmallCategory": "car_vechicle, 승용차"
        },
        {
            "label": "car_vechicle, 승용차",
            "points": [
                [
                    3357.7490234375,
                    1412.5948486328
                ],
                [
                    3470.8930664062,
                    1660.1234130859
                ]
            ],
            "shape_type": "bbox",
            "occluded": 0,
            "object_id": 14,
            "LargeCategory": "artifact, 인공물",
            "MediumCategory": "vehicle, 차량",
            "SmallCategory": "car_vechicle, 승용차"
        },
        {
            "label": "car_vechicle, 승용차",
            "points": [
                [
                    2937.8598632812,
                    461.5171203613
                ],
                [
                    3061.2729492188,
                    722.0415039062
                ]
            ],
            "shape_type": "bbox",
            "occluded": 0,
            "object_id": 15,
            "LargeCategory": "artifact, 인공물",
            "MediumCategory": "vehicle, 차량",
            "SmallCategory": "car_vechicle, 승용차"
        },
        {
            "label": "car_vechicle, 승용차",
            "points": [
                [
                    3549.86328125,
                    1499.4409179688
                ],
                [
                    3694.6635742188,
                    1781.4727783203
                ]
            ],
            "shape_type": "bbox",
            "occluded": 0,
            "object_id": 16,
            "LargeCategory": "artifact, 인공물",
            "MediumCategory": "vehicle, 차량",
            "SmallCategory": "car_vechicle, 승용차"
        },
        {
            "label": "truck_vehicle, 트럭",
            "points": [
                [
                    3268.5380859375,
                    1765.7836914062
                ],
                [
                    3392.4228515625,
                    2011.0740966797
                ]
            ],
            "shape_type": "bbox",
            "occluded": 0,
            "object_id": 17,
            "LargeCategory": "artifact, 인공물",
            "MediumCategory": "vehicle, 차량",
            "SmallCategory": "truck_vehicle, 트럭"
        },
        {
            "label": "truck_vehicle, 트럭",
            "points": [
                [
                    3548.7751464844,
                    1496.5456542969
                ],
                [
                    3691.6884765625,
                    1777.3876953125
                ]
            ],
            "shape_type": "bbox",
            "occluded": 0,
            "object_id": 18,
            "LargeCategory": "artifact, 인공물",
            "MediumCategory": "vehicle, 차량",
            "SmallCategory": "truck_vehicle, 트럭"
        }
    ]
}