{
    "info": {
        "image_name": "00000670.jpg",
        "mission": "도심지",
        "region_name": "Daegu-Geumho-District",
        "width": 3840,
        "height": 2160,
        "date": "202007171236",
        "frame_id": "00000670",
        "copyright": "ISLab, University of Ulsan, https://islab.ulsan.ac.kr",
        "altitude": "52.3000016736",
        "latitude": "35.8958631509357",
        "longitude": "128.51376468226",
        "weather": "sunny",
        "device": "카메라",
        "drone_name": "DJI Mavic2",
        "angle": "90",
        "speed": "0 m/s"
    },
    "shapes": [
        {
            "label": "house, 주택",
            "points": [
                [
                    0.0,
                    1146.6806640625
                ],
                [
                    1411.6258544922,
                    2082.744140625
                ]
            ],
            "shape_type": "bbox",
            "occluded": 0,
            "object_id": 1,
            "LargeCategory": "artifact, 인공물",
            "MediumCategory": "building, 건물",
            "SmallCategory": "house, 주택"
        },
        {
            "label": "house, 주택",
            "points": [
                [
                    82.4925003052,
                    138.1388244629
                ],
                [
                    1391.8739013672,
                    1261.5444335938
                ]
            ],
            "shape_type": "bbox",
            "occluded": 0,
            "object_id": 2,
            "LargeCategory": "artifact, 인공물",
            "MediumCategory": "building, 건물",
            "SmallCategory": "house, 주택"
        },
        {
            "label": "house, 주택",
            "points": [
                [
                    1280.9031982422,
                    609.573425293
                ],
                [
                    2425.9089355469,
                    1588.8360595703
                ]
            ],
            "shape_type": "bbox",
            "occluded": 0,
            "object_id": 3,
            "LargeCategory": "artifact, 인공물",
            "MediumCategory": "building, 건물",
            "SmallCategory": "house, 주택"
        }
    ]
}