{
    "info": {
        "image_name": "00007017.jpg",
        "mission": "도심지",
        "region_name": "Daegu-Geumho-District",
        "width": 3840,
        "height": 2160,
        "date": "202007171236",
        "frame_id": "00007017",
        "copyright": "ISLab, University of Ulsan, https://islab.ulsan.ac.kr",
        "altitude": "59.9000019168",
        "latitude": "35.8956262098819",
        "longitude": "128.514888218865",
        "weather": "sunny",
        "device": "카메라",
        "drone_name": "DJI Mavic2",
        "angle": "90",
        "speed": "6.6213424 m/s"
    },
    "shapes": [
        {
            "label": "house, 주택",
            "points": [
                [
                    476.4053955078,
                    375.0645141602
                ],
                [
                    1610.7174072266,
                    1784.6737060547
                ]
            ],
            "shape_type": "bbox",
            "occluded": 0,
            "object_id": 1,
            "LargeCategory": "artifact, 인공물",
            "MediumCategory": "building, 건물",
            "SmallCategory": "house, 주택"
        },
        {
            "label": "house, 주택",
            "points": [
                [
                    2613.9077148438,
                    220.3523712158
                ],
                [
                    3839.9997558594,
                    2040.0218505859
                ]
            ],
            "shape_type": "bbox",
            "occluded": 0,
            "object_id": 2,
            "LargeCategory": "artifact, 인공물",
            "MediumCategory": "building, 건물",
            "SmallCategory": "house, 주택"
        },
        {
            "label": "car_vechicle, 승용차",
            "points": [
                [
                    1822.2850341797,
                    994.7282104492
                ],
                [
                    1932.8834228516,
                    1239.7880859375
                ]
            ],
            "shape_type": "bbox",
            "occluded": 0,
            "object_id": 3,
            "LargeCategory": "artifact, 인공물",
            "MediumCategory": "vehicle, 차량",
            "SmallCategory": "car_vechicle, 승용차"
        },
        {
            "label": "car_vechicle, 승용차",
            "points": [
                [
                    158.0077362061,
                    1674.4372558594
                ],
                [
                    284.8058776855,
                    1906.2027587891
                ]
            ],
            "shape_type": "bbox",
            "occluded": 0,
            "object_id": 4,
            "LargeCategory": "artifact, 인공물",
            "MediumCategory": "vehicle, 차량",
            "SmallCategory": "car_vechicle, 승용차"
        },
        {
            "label": "car_vechicle, 승용차",
            "points": [
                [
                    1485.2823486328,
                    1778.9074707031
                ],
                [
                    1731.5168457031,
                    1895.9929199219
                ]
            ],
            "shape_type": "bbox",
            "occluded": 0,
            "object_id": 5,
            "LargeCategory": "artifact, 인공물",
            "MediumCategory": "vehicle, 차량",
            "SmallCategory": "car_vechicle, 승용차"
        },
        {
            "label": "car_vechicle, 승용차",
            "points": [
                [
                    59.072681427,
                    1008.3266601562
                ],
                [
                    203.4638977051,
                    1232.3685302734
                ]
            ],
            "shape_type": "bbox",
            "occluded": 0,
            "object_id": 6,
            "LargeCategory": "artifact, 인공물",
            "MediumCategory": "vehicle, 차량",
            "SmallCategory": "car_vechicle, 승용차"
        },
        {
            "label": "car_vechicle, 승용차",
            "points": [
                [
                    1954.2779541016,
                    1317.5458984375
                ],
                [
                    2063.9279785156,
                    1556.6612548828
                ]
            ],
            "shape_type": "bbox",
            "occluded": 0,
            "object_id": 7,
            "LargeCategory": "artifact, 인공물",
            "MediumCategory": "vehicle, 차량",
            "SmallCategory": "car_vechicle, 승용차"
        },
        {
            "label": "car_vechicle, 승용차",
            "points": [
                [
                    2446.6437988281,
                    1483.1253662109
                ],
                [
                    2562.6899414062,
                    1734.8226318359
                ]
            ],
            "shape_type": "bbox",
            "occluded": 0,
            "object_id": 8,
            "LargeCategory": "artifact, 인공물",
            "MediumCategory": "vehicle, 차량",
            "SmallCategory": "car_vechicle, 승용차"
        },
        {
            "label": "car_vechicle, 승용차",
            "points": [
                [
                    1175.6174316406,
                    1833.9429931641
                ],
                [
                    1395.9362792969,
                    1949.4866943359
                ]
            ],
            "shape_type": "bbox",
            "occluded": 0,
            "object_id": 9,
            "LargeCategory": "artifact, 인공물",
            "MediumCategory": "vehicle, 차량",
            "SmallCategory": "car_vechicle, 승용차"
        },
        {
            "label": "car_vechicle, 승용차",
            "points": [
                [
                    2632.7492675781,
                    2029.2418212891
                ],
                [
                    2908.0717773438,
                    2145.1103515625
                ]
            ],
            "shape_type": "bbox",
            "occluded": 0,
            "object_id": 10,
            "LargeCategory": "artifact, 인공물",
            "MediumCategory": "vehicle, 차량",
            "SmallCategory": "car_vechicle, 승용차"
        },
        {
            "label": "car_vechicle, 승용차",
            "points": [
                [
                    2126.4250488281,
                    1079.1381835938
                ],
                [
                    2238.421875,
                    1326.4038085938
                ]
            ],
            "shape_type": "bbox",
            "occluded": 0,
            "object_id": 11,
            "LargeCategory": "artifact, 인공물",
            "MediumCategory": "vehicle, 차량",
            "SmallCategory": "car_vechicle, 승용차"
        },
        {
            "label": "car_vechicle, 승용차",
            "points": [
                [
                    36.1141471863,
                    714.2009277344
                ],
                [
                    162.0827636719,
                    946.1841430664
                ]
            ],
            "shape_type": "bbox",
            "occluded": 0,
            "object_id": 12,
            "LargeCategory": "artifact, 인공물",
            "MediumCategory": "vehicle, 차량",
            "SmallCategory": "car_vechicle, 승용차"
        },
        {
            "label": "car_vechicle, 승용차",
            "points": [
                [
                    438.5824279785,
                    1594.6436767578
                ],
                [
                    592.4526977539,
                    1810.5004882812
                ]
            ],
            "shape_type": "bbox",
            "occluded": 0,
            "object_id": 13,
            "LargeCategory": "artifact, 인공물",
            "MediumCategory": "vehicle, 차량",
            "SmallCategory": "car_vechicle, 승용차"
        },
        {
            "label": "car_vechicle, 승용차",
            "points": [
                [
                    39.6348228455,
                    1922.6153564453
                ],
                [
                    163.2381591797,
                    2160.0
                ]
            ],
            "shape_type": "bbox",
            "occluded": 0,
            "object_id": 14,
            "LargeCategory": "artifact, 인공물",
            "MediumCategory": "vehicle, 차량",
            "SmallCategory": "car_vechicle, 승용차"
        },
        {
            "label": "car_vechicle, 승용차",
            "points": [
                [
                    2074.8413085938,
                    0.0
                ],
                [
                    2186.8317871094,
                    180.5986022949
                ]
            ],
            "shape_type": "bbox",
            "occluded": 0,
            "object_id": 15,
            "LargeCategory": "artifact, 인공물",
            "MediumCategory": "vehicle, 차량",
            "SmallCategory": "car_vechicle, 승용차"
        },
        {
            "label": "car_vechicle, 승용차",
            "points": [
                [
                    155.9272613525,
                    1910.2625732422
                ],
                [
                    289.4728393555,
                    2143.3635253906
                ]
            ],
            "shape_type": "bbox",
            "occluded": 0,
            "object_id": 16,
            "LargeCategory": "artifact, 인공물",
            "MediumCategory": "vehicle, 차량",
            "SmallCategory": "car_vechicle, 승용차"
        },
        {
            "label": "car_vechicle, 승용차",
            "points": [
                [
                    695.4427490234,
                    157.0989685059
                ],
                [
                    870.3636474609,
                    250.9107055664
                ]
            ],
            "shape_type": "bbox",
            "occluded": 0,
            "object_id": 17,
            "LargeCategory": "artifact, 인공물",
            "MediumCategory": "vehicle, 차량",
            "SmallCategory": "car_vechicle, 승용차"
        },
        {
            "label": "car_vechicle, 승용차",
            "points": [
                [
                    2322.1184082031,
                    0.0
                ],
                [
                    2439.5783691406,
                    200.9909515381
                ]
            ],
            "shape_type": "bbox",
            "occluded": 0,
            "object_id": 18,
            "LargeCategory": "artifact, 인공물",
            "MediumCategory": "vehicle, 차량",
            "SmallCategory": "car_vechicle, 승용차"
        },
        {
            "label": "car_vechicle, 승용차",
            "points": [
                [
                    2140.7790527344,
                    1712.2290039062
                ],
                [
                    2250.5869140625,
                    1910.7946777344
                ]
            ],
            "shape_type": "bbox",
            "occluded": 0,
            "object_id": 19,
            "LargeCategory": "artifact, 인공물",
            "MediumCategory": "vehicle, 차량",
            "SmallCategory": "car_vechicle, 승용차"
        },
        {
            "label": "car_vechicle, 승용차",
            "points": [
                [
                    758.9392089844,
                    1901.1047363281
                ],
                [
                    1050.4967041016,
                    2023.5400390625
                ]
            ],
            "shape_type": "bbox",
            "occluded": 0,
            "object_id": 20,
            "LargeCategory": "artifact, 인공물",
            "MediumCategory": "vehicle, 차량",
            "SmallCategory": "car_vechicle, 승용차"
        },
        {
            "label": "car_vechicle, 승용차",
            "points": [
                [
                    1809.5483398438,
                    439.1260070801
                ],
                [
                    1918.7227783203,
                    698.9405517578
                ]
            ],
            "shape_type": "bbox",
            "occluded": 0,
            "object_id": 21,
            "LargeCategory": "artifact, 인공물",
            "MediumCategory": "vehicle, 차량",
            "SmallCategory": "car_vechicle, 승용차"
        },
        {
            "label": "car_vechicle, 승용차",
            "points": [
                [
                    2512.3203125,
                    281.6145019531
                ],
                [
                    2559.2626953125,
                    355.3610839844
                ]
            ],
            "shape_type": "bbox",
            "occluded": 0,
            "object_id": 22,
            "LargeCategory": "artifact, 인공물",
            "MediumCategory": "vehicle, 차량",
            "SmallCategory": "car_vechicle, 승용차"
        },
        {
            "label": "car_vechicle, 승용차",
            "points": [
                [
                    2408.298828125,
                    11.6551628113
                ],
                [
                    2513.564453125,
                    181.3993530273
                ]
            ],
            "shape_type": "bbox",
            "occluded": 0,
            "object_id": 23,
            "LargeCategory": "artifact, 인공물",
            "MediumCategory": "vehicle, 차량",
            "SmallCategory": "car_vechicle, 승용차"
        },
        {
            "label": "car_vechicle, 승용차",
            "points": [
                [
                    2065.9836425781,
                    628.5052490234
                ],
                [
                    2167.4340820312,
                    764.4959716797
                ]
            ],
            "shape_type": "bbox",
            "occluded": 0,
            "object_id": 24,
            "LargeCategory": "artifact, 인공물",
            "MediumCategory": "vehicle, 차량",
            "SmallCategory": "car_vechicle, 승용차"
        },
        {
            "label": "car_vechicle, 승용차",
            "points": [
                [
                    2062.3454589844,
                    608.393737793
                ],
                [
                    2193.0048828125,
                    901.3543701172
                ]
            ],
            "shape_type": "bbox",
            "occluded": 0,
            "object_id": 25,
            "LargeCategory": "artifact, 인공물",
            "MediumCategory": "vehicle, 차량",
            "SmallCategory": "car_vechicle, 승용차"
        },
        {
            "label": "car_vechicle, 승용차",
            "points": [
                [
                    0.4103064239,
                    467.973815918
                ],
                [
                    117.0981521606,
                    609.6149902344
                ]
            ],
            "shape_type": "bbox",
            "occluded": 0,
            "object_id": 26,
            "LargeCategory": "artifact, 인공물",
            "MediumCategory": "vehicle, 차량",
            "SmallCategory": "car_vechicle, 승용차"
        },
        {
            "label": "truck_vehicle, 트럭",
            "points": [
                [
                    1795.513671875,
                    0.0
                ],
                [
                    1885.6009521484,
                    197.9255371094
                ]
            ],
            "shape_type": "bbox",
            "occluded": 0,
            "object_id": 27,
            "LargeCategory": "artifact, 인공물",
            "MediumCategory": "vehicle, 차량",
            "SmallCategory": "truck_vehicle, 트럭"
        },
        {
            "label": "truck_vehicle, 트럭",
            "points": [
                [
                    2059.333984375,
                    595.8860473633
                ],
                [
                    2194.5490722656,
                    889.8291015625
                ]
            ],
            "shape_type": "bbox",
            "occluded": 0,
            "object_id": 28,
            "LargeCategory": "artifact, 인공물",
            "MediumCategory": "vehicle, 차량",
            "SmallCategory": "truck_vehicle, 트럭"
        },
        {
            "label": "motorcycle, bike_vehicle, 오토바이, 자전거",
            "points": [
                [
                    581.5109863281,
                    1793.9005126953
                ],
                [
                    641.2426147461,
                    1898.8876953125
                ]
            ],
            "shape_type": "bbox",
            "occluded": 0,
            "object_id": 29,
            "LargeCategory": "artifact, 인공물",
            "MediumCategory": "vehicle, 차량",
            "SmallCategory": "motorcycle, bike_vehicle, 오토바이, 자전거"
        }
    ]
}