{
    "info": {
        "image_name": "00006083.jpg",
        "mission": "도심지",
        "region_name": "Daegu-Geumho-District",
        "width": 3840,
        "height": 2160,
        "date": "202007171236",
        "frame_id": "00006083",
        "copyright": "ISLab, University of Ulsan, https://islab.ulsan.ac.kr",
        "altitude": "59.9000019168",
        "latitude": "35.8955456519591",
        "longitude": "128.514138316721",
        "weather": "sunny",
        "device": "카메라",
        "drone_name": "DJI Mavic2",
        "angle": "90",
        "speed": "7.4713796 m/s"
    },
    "shapes": [
        {
            "label": "tree, 나무",
            "points": [
                [
                    2973.3994140625,
                    1035.4099121094
                ],
                [
                    3245.5407714844,
                    1307.6101074219
                ]
            ],
            "shape_type": "bbox",
            "occluded": 0,
            "object_id": 1,
            "LargeCategory": "natural, 자연물",
            "MediumCategory": "tree, 나무",
            "SmallCategory": ""
        },
        {
            "label": "tree, 나무",
            "points": [
                [
                    2632.8757324219,
                    632.1135253906
                ],
                [
                    2929.412109375,
                    916.1264648438
                ]
            ],
            "shape_type": "bbox",
            "occluded": 0,
            "object_id": 2,
            "LargeCategory": "natural, 자연물",
            "MediumCategory": "tree, 나무",
            "SmallCategory": ""
        },
        {
            "label": "tree, 나무",
            "points": [
                [
                    1773.4926757812,
                    822.3770751953
                ],
                [
                    2050.32421875,
                    1082.0047607422
                ]
            ],
            "shape_type": "bbox",
            "occluded": 0,
            "object_id": 3,
            "LargeCategory": "natural, 자연물",
            "MediumCategory": "tree, 나무",
            "SmallCategory": ""
        },
        {
            "label": "tree, 나무",
            "points": [
                [
                    1157.1638183594,
                    40.8461990356
                ],
                [
                    1373.1911621094,
                    263.8160705566
                ]
            ],
            "shape_type": "bbox",
            "occluded": 0,
            "object_id": 4,
            "LargeCategory": "natural, 자연물",
            "MediumCategory": "tree, 나무",
            "SmallCategory": ""
        },
        {
            "label": "tree, 나무",
            "points": [
                [
                    2035.7824707031,
                    1132.2687988281
                ],
                [
                    2290.7536621094,
                    1403.1989746094
                ]
            ],
            "shape_type": "bbox",
            "occluded": 0,
            "object_id": 5,
            "LargeCategory": "natural, 자연물",
            "MediumCategory": "tree, 나무",
            "SmallCategory": ""
        },
        {
            "label": "tree, 나무",
            "points": [
                [
                    2286.3195800781,
                    1484.9245605469
                ],
                [
                    2525.5239257812,
                    1674.8299560547
                ]
            ],
            "shape_type": "bbox",
            "occluded": 0,
            "object_id": 6,
            "LargeCategory": "natural, 자연물",
            "MediumCategory": "tree, 나무",
            "SmallCategory": ""
        },
        {
            "label": "house, 주택",
            "points": [
                [
                    2829.40234375,
                    0.0
                ],
                [
                    3635.0090332031,
                    945.4505004883
                ]
            ],
            "shape_type": "bbox",
            "occluded": 0,
            "object_id": 7,
            "LargeCategory": "artifact, 인공물",
            "MediumCategory": "building, 건물",
            "SmallCategory": "house, 주택"
        },
        {
            "label": "truck_vehicle, 트럭",
            "points": [
                [
                    1396.0310058594,
                    115.8344573975
                ],
                [
                    1656.9700927734,
                    435.6163635254
                ]
            ],
            "shape_type": "bbox",
            "occluded": 0,
            "object_id": 8,
            "LargeCategory": "artifact, 인공물",
            "MediumCategory": "vehicle, 차량",
            "SmallCategory": "truck_vehicle, 트럭"
        },
        {
            "label": "truck_vehicle, 트럭",
            "points": [
                [
                    1476.6361083984,
                    202.9705657959
                ],
                [
                    1672.3245849609,
                    418.3525390625
                ]
            ],
            "shape_type": "bbox",
            "occluded": 0,
            "object_id": 9,
            "LargeCategory": "artifact, 인공물",
            "MediumCategory": "vehicle, 차량",
            "SmallCategory": "truck_vehicle, 트럭"
        }
    ]
}