{
    "info": {
        "image_name": "00007449.jpg",
        "mission": "도심지",
        "region_name": "Daegu-Geumho-District",
        "width": 3840,
        "height": 2160,
        "date": "202007171236",
        "frame_id": "00007449",
        "copyright": "ISLab, University of Ulsan, https://islab.ulsan.ac.kr",
        "altitude": "60.00000192",
        "latitude": "35.8955490775497",
        "longitude": "128.515357756234",
        "weather": "sunny",
        "device": "카메라",
        "drone_name": "DJI Mavic2",
        "angle": "90",
        "speed": "6.6213424 m/s"
    },
    "shapes": [
        {
            "label": "tree, 나무",
            "points": [
                [
                    2366.2839355469,
                    212.1513366699
                ],
                [
                    3038.7424316406,
                    820.6065673828
                ]
            ],
            "shape_type": "bbox",
            "occluded": 0,
            "object_id": 1,
            "LargeCategory": "natural, 자연물",
            "MediumCategory": "tree, 나무",
            "SmallCategory": ""
        },
        {
            "label": "tree, 나무",
            "points": [
                [
                    3178.1682128906,
                    91.5735321045
                ],
                [
                    3833.2561035156,
                    761.853515625
                ]
            ],
            "shape_type": "bbox",
            "occluded": 0,
            "object_id": 2,
            "LargeCategory": "natural, 자연물",
            "MediumCategory": "tree, 나무",
            "SmallCategory": ""
        },
        {
            "label": "house, 주택",
            "points": [
                [
                    431.8202514648,
                    1186.2827148438
                ],
                [
                    1708.3002929688,
                    2160.0
                ]
            ],
            "shape_type": "bbox",
            "occluded": 0,
            "object_id": 3,
            "LargeCategory": "artifact, 인공물",
            "MediumCategory": "building, 건물",
            "SmallCategory": "house, 주택"
        },
        {
            "label": "house, 주택",
            "points": [
                [
                    54.5513496399,
                    20.9474925995
                ],
                [
                    1574.9368896484,
                    424.4358825684
                ]
            ],
            "shape_type": "bbox",
            "occluded": 0,
            "object_id": 4,
            "LargeCategory": "artifact, 인공물",
            "MediumCategory": "building, 건물",
            "SmallCategory": "house, 주택"
        },
        {
            "label": "house, 주택",
            "points": [
                [
                    2782.4743652344,
                    1780.8286132812
                ],
                [
                    3809.2131347656,
                    2160.0
                ]
            ],
            "shape_type": "bbox",
            "occluded": 0,
            "object_id": 5,
            "LargeCategory": "artifact, 인공물",
            "MediumCategory": "building, 건물",
            "SmallCategory": "house, 주택"
        },
        {
            "label": "car_vechicle, 승용차",
            "points": [
                [
                    261.9080505371,
                    1098.2907714844
                ],
                [
                    506.4307250977,
                    1235.9190673828
                ]
            ],
            "shape_type": "bbox",
            "occluded": 0,
            "object_id": 6,
            "LargeCategory": "artifact, 인공물",
            "MediumCategory": "vehicle, 차량",
            "SmallCategory": "car_vechicle, 승용차"
        },
        {
            "label": "car_vechicle, 승용차",
            "points": [
                [
                    637.5440063477,
                    634.6567382812
                ],
                [
                    884.5080566406,
                    757.3141479492
                ]
            ],
            "shape_type": "bbox",
            "occluded": 0,
            "object_id": 7,
            "LargeCategory": "artifact, 인공물",
            "MediumCategory": "vehicle, 차량",
            "SmallCategory": "car_vechicle, 승용차"
        },
        {
            "label": "car_vechicle, 승용차",
            "points": [
                [
                    2258.5268554688,
                    998.1802978516
                ],
                [
                    2378.990234375,
                    1261.6713867188
                ]
            ],
            "shape_type": "bbox",
            "occluded": 0,
            "object_id": 8,
            "LargeCategory": "artifact, 인공물",
            "MediumCategory": "vehicle, 차량",
            "SmallCategory": "car_vechicle, 승용차"
        },
        {
            "label": "car_vechicle, 승용차",
            "points": [
                [
                    2062.0249023438,
                    645.6359863281
                ],
                [
                    2179.3603515625,
                    901.9736328125
                ]
            ],
            "shape_type": "bbox",
            "occluded": 0,
            "object_id": 9,
            "LargeCategory": "artifact, 인공물",
            "MediumCategory": "vehicle, 차량",
            "SmallCategory": "car_vechicle, 승용차"
        },
        {
            "label": "car_vechicle, 승용차",
            "points": [
                [
                    2090.9384765625,
                    1410.6634521484
                ],
                [
                    2212.3452148438,
                    1659.3416748047
                ]
            ],
            "shape_type": "bbox",
            "occluded": 0,
            "object_id": 10,
            "LargeCategory": "artifact, 인공물",
            "MediumCategory": "vehicle, 차량",
            "SmallCategory": "car_vechicle, 승용차"
        },
        {
            "label": "car_vechicle, 승용차",
            "points": [
                [
                    1600.3245849609,
                    917.440612793
                ],
                [
                    1788.12890625,
                    1100.0819091797
                ]
            ],
            "shape_type": "bbox",
            "occluded": 0,
            "object_id": 11,
            "LargeCategory": "artifact, 인공물",
            "MediumCategory": "vehicle, 차량",
            "SmallCategory": "car_vechicle, 승용차"
        },
        {
            "label": "car_vechicle, 승용차",
            "points": [
                [
                    1124.33203125,
                    575.9768066406
                ],
                [
                    1366.109375,
                    687.8018188477
                ]
            ],
            "shape_type": "bbox",
            "occluded": 0,
            "object_id": 12,
            "LargeCategory": "artifact, 인공물",
            "MediumCategory": "vehicle, 차량",
            "SmallCategory": "car_vechicle, 승용차"
        },
        {
            "label": "car_vechicle, 승용차",
            "points": [
                [
                    2060.5737304688,
                    358.4424438477
                ],
                [
                    2166.7082519531,
                    588.5126953125
                ]
            ],
            "shape_type": "bbox",
            "occluded": 0,
            "object_id": 13,
            "LargeCategory": "artifact, 인공물",
            "MediumCategory": "vehicle, 차량",
            "SmallCategory": "car_vechicle, 승용차"
        },
        {
            "label": "car_vechicle, 승용차",
            "points": [
                [
                    1805.3890380859,
                    1454.88671875
                ],
                [
                    1920.8782958984,
                    1703.0092773438
                ]
            ],
            "shape_type": "bbox",
            "occluded": 0,
            "object_id": 14,
            "LargeCategory": "artifact, 인공물",
            "MediumCategory": "vehicle, 차량",
            "SmallCategory": "car_vechicle, 승용차"
        },
        {
            "label": "car_vechicle, 승용차",
            "points": [
                [
                    2602.6506347656,
                    1995.9896240234
                ],
                [
                    2687.3608398438,
                    2139.4384765625
                ]
            ],
            "shape_type": "bbox",
            "occluded": 0,
            "object_id": 15,
            "LargeCategory": "artifact, 인공물",
            "MediumCategory": "vehicle, 차량",
            "SmallCategory": "car_vechicle, 승용차"
        },
        {
            "label": "car_vechicle, 승용차",
            "points": [
                [
                    2308.1882324219,
                    686.255859375
                ],
                [
                    2421.7956542969,
                    915.7979125977
                ]
            ],
            "shape_type": "bbox",
            "occluded": 0,
            "object_id": 16,
            "LargeCategory": "artifact, 인공물",
            "MediumCategory": "vehicle, 차량",
            "SmallCategory": "car_vechicle, 승용차"
        },
        {
            "label": "car_vechicle, 승용차",
            "points": [
                [
                    600.1666259766,
                    952.3877563477
                ],
                [
                    784.8759765625,
                    1042.6579589844
                ]
            ],
            "shape_type": "bbox",
            "occluded": 0,
            "object_id": 17,
            "LargeCategory": "artifact, 인공물",
            "MediumCategory": "vehicle, 차량",
            "SmallCategory": "car_vechicle, 승용차"
        },
        {
            "label": "car_vechicle, 승용차",
            "points": [
                [
                    1835.501953125,
                    1782.3481445312
                ],
                [
                    1945.3594970703,
                    2042.6232910156
                ]
            ],
            "shape_type": "bbox",
            "occluded": 0,
            "object_id": 18,
            "LargeCategory": "artifact, 인공물",
            "MediumCategory": "vehicle, 차량",
            "SmallCategory": "car_vechicle, 승용차"
        },
        {
            "label": "car_vechicle, 승용차",
            "points": [
                [
                    790.8479003906,
                    911.957824707
                ],
                [
                    1008.8359985352,
                    1025.3695068359
                ]
            ],
            "shape_type": "bbox",
            "occluded": 0,
            "object_id": 19,
            "LargeCategory": "artifact, 인공물",
            "MediumCategory": "vehicle, 차량",
            "SmallCategory": "car_vechicle, 승용차"
        },
        {
            "label": "car_vechicle, 승용차",
            "points": [
                [
                    1075.9086914062,
                    889.6789550781
                ],
                [
                    1258.611328125,
                    980.9642944336
                ]
            ],
            "shape_type": "bbox",
            "occluded": 0,
            "object_id": 20,
            "LargeCategory": "artifact, 인공물",
            "MediumCategory": "vehicle, 차량",
            "SmallCategory": "car_vechicle, 승용차"
        },
        {
            "label": "car_vechicle, 승용차",
            "points": [
                [
                    143.4845123291,
                    420.701171875
                ],
                [
                    197.359664917,
                    517.5714111328
                ]
            ],
            "shape_type": "bbox",
            "occluded": 0,
            "object_id": 21,
            "LargeCategory": "artifact, 인공물",
            "MediumCategory": "vehicle, 차량",
            "SmallCategory": "car_vechicle, 승용차"
        },
        {
            "label": "truck_vehicle, 트럭",
            "points": [
                [
                    1833.0946044922,
                    1778.8270263672
                ],
                [
                    1943.1472167969,
                    2034.9237060547
                ]
            ],
            "shape_type": "bbox",
            "occluded": 0,
            "object_id": 22,
            "LargeCategory": "artifact, 인공물",
            "MediumCategory": "vehicle, 차량",
            "SmallCategory": "truck_vehicle, 트럭"
        }
    ]
}