{
    "info": {
        "image_name": "00002156.jpg",
        "mission": "도심지",
        "region_name": "Daegu-Geumho-District",
        "width": 3840,
        "height": 2160,
        "date": "202007171236",
        "frame_id": "00002156",
        "copyright": "ISLab, University of Ulsan, https://islab.ulsan.ac.kr",
        "altitude": "59.800001913600006",
        "latitude": "35.895097941934",
        "longitude": "128.515015247641",
        "weather": "sunny",
        "device": "카메라",
        "drone_name": "DJI Mavic2",
        "angle": "90",
        "speed": "6.6213424 m/s"
    },
    "shapes": [
        {
            "label": "tree, 나무",
            "points": [
                [
                    1436.5305175781,
                    1144.3651123047
                ],
                [
                    1699.7291259766,
                    1434.5153808594
                ]
            ],
            "shape_type": "bbox",
            "occluded": 0,
            "object_id": 1,
            "LargeCategory": "natural, 자연물",
            "MediumCategory": "tree, 나무",
            "SmallCategory": ""
        },
        {
            "label": "tree, 나무",
            "points": [
                [
                    1440.8149414062,
                    1576.7171630859
                ],
                [
                    1710.8923339844,
                    1879.9185791016
                ]
            ],
            "shape_type": "bbox",
            "occluded": 0,
            "object_id": 2,
            "LargeCategory": "natural, 자연물",
            "MediumCategory": "tree, 나무",
            "SmallCategory": ""
        },
        {
            "label": "tree, 나무",
            "points": [
                [
                    1409.3454589844,
                    304.5899353027
                ],
                [
                    1734.5277099609,
                    623.1864624023
                ]
            ],
            "shape_type": "bbox",
            "occluded": 0,
            "object_id": 3,
            "LargeCategory": "natural, 자연물",
            "MediumCategory": "tree, 나무",
            "SmallCategory": ""
        },
        {
            "label": "tree, 나무",
            "points": [
                [
                    1417.5270996094,
                    753.8928833008
                ],
                [
                    1685.2503662109,
                    1067.2606201172
                ]
            ],
            "shape_type": "bbox",
            "occluded": 0,
            "object_id": 4,
            "LargeCategory": "natural, 자연물",
            "MediumCategory": "tree, 나무",
            "SmallCategory": ""
        },
        {
            "label": "tree, 나무",
            "points": [
                [
                    1042.4016113281,
                    1674.9011230469
                ],
                [
                    1349.5466308594,
                    2096.2456054688
                ]
            ],
            "shape_type": "bbox",
            "occluded": 0,
            "object_id": 5,
            "LargeCategory": "natural, 자연물",
            "MediumCategory": "tree, 나무",
            "SmallCategory": ""
        },
        {
            "label": "tree, 나무",
            "points": [
                [
                    1473.2969970703,
                    1991.1907958984
                ],
                [
                    1687.9183349609,
                    2151.8503417969
                ]
            ],
            "shape_type": "bbox",
            "occluded": 0,
            "object_id": 6,
            "LargeCategory": "natural, 자연물",
            "MediumCategory": "tree, 나무",
            "SmallCategory": ""
        },
        {
            "label": "tree, 나무",
            "points": [
                [
                    1060.9167480469,
                    1299.4626464844
                ],
                [
                    1341.0767822266,
                    1580.7977294922
                ]
            ],
            "shape_type": "bbox",
            "occluded": 0,
            "object_id": 7,
            "LargeCategory": "natural, 자연물",
            "MediumCategory": "tree, 나무",
            "SmallCategory": ""
        },
        {
            "label": "tree, 나무",
            "points": [
                [
                    3120.1481933594,
                    1087.4775390625
                ],
                [
                    3443.5354003906,
                    1371.5045166016
                ]
            ],
            "shape_type": "bbox",
            "occluded": 0,
            "object_id": 8,
            "LargeCategory": "natural, 자연물",
            "MediumCategory": "tree, 나무",
            "SmallCategory": ""
        },
        {
            "label": "house, 주택",
            "points": [
                [
                    0.0,
                    1544.7041015625
                ],
                [
                    1017.8452758789,
                    2160.0
                ]
            ],
            "shape_type": "bbox",
            "occluded": 0,
            "object_id": 9,
            "LargeCategory": "artifact, 인공물",
            "MediumCategory": "building, 건물",
            "SmallCategory": "house, 주택"
        },
        {
            "label": "house, 주택",
            "points": [
                [
                    19.2776565552,
                    527.0640258789
                ],
                [
                    952.9819946289,
                    1331.6323242188
                ]
            ],
            "shape_type": "bbox",
            "occluded": 0,
            "object_id": 10,
            "LargeCategory": "artifact, 인공물",
            "MediumCategory": "building, 건물",
            "SmallCategory": "house, 주택"
        },
        {
            "label": "streetlamp, telephone pole, 가로등, 전신주",
            "points": [
                [
                    1472.7490234375,
                    621.6312866211
                ],
                [
                    1823.1236572266,
                    709.8193359375
                ]
            ],
            "shape_type": "bbox",
            "occluded": 0,
            "object_id": 11,
            "LargeCategory": "artifact, 인공물",
            "MediumCategory": "structure, 구조물",
            "SmallCategory": "streetlamp, telephone pole, 가로등, 전신주"
        },
        {
            "label": "car_vechicle, 승용차",
            "points": [
                [
                    1299.1728515625,
                    1346.2987060547
                ],
                [
                    1391.1533203125,
                    1489.6311035156
                ]
            ],
            "shape_type": "bbox",
            "occluded": 0,
            "object_id": 12,
            "LargeCategory": "artifact, 인공물",
            "MediumCategory": "vehicle, 차량",
            "SmallCategory": "car_vechicle, 승용차"
        },
        {
            "label": "truck_vehicle, 트럭",
            "points": [
                [
                    1779.0388183594,
                    196.1387939453
                ],
                [
                    1907.8648681641,
                    469.9434204102
                ]
            ],
            "shape_type": "bbox",
            "occluded": 0,
            "object_id": 13,
            "LargeCategory": "artifact, 인공물",
            "MediumCategory": "vehicle, 차량",
            "SmallCategory": "truck_vehicle, 트럭"
        }
    ]
}