{
    "info": {
        "image_name": "00004024.jpg",
        "mission": "도심지",
        "region_name": "Daegu-Geumho-District",
        "width": 3840,
        "height": 2160,
        "date": "202007171236",
        "frame_id": "00004024",
        "copyright": "ISLab, University of Ulsan, https://islab.ulsan.ac.kr",
        "altitude": "60.100001923200004",
        "latitude": "35.8951609931836",
        "longitude": "128.516210502639",
        "weather": "sunny",
        "device": "카메라",
        "drone_name": "DJI Mavic2",
        "angle": "90",
        "speed": "6.71082 m/s"
    },
    "shapes": [
        {
            "label": "tree, 나무",
            "points": [
                [
                    2177.7744140625,
                    461.5813598633
                ],
                [
                    2297.9978027344,
                    582.7293701172
                ]
            ],
            "shape_type": "bbox",
            "occluded": 0,
            "object_id": 1,
            "LargeCategory": "natural, 자연물",
            "MediumCategory": "tree, 나무",
            "SmallCategory": ""
        },
        {
            "label": "tree, 나무",
            "points": [
                [
                    2208.7814941406,
                    754.3778076172
                ],
                [
                    2321.9841308594,
                    860.7159423828
                ]
            ],
            "shape_type": "bbox",
            "occluded": 0,
            "object_id": 2,
            "LargeCategory": "natural, 자연물",
            "MediumCategory": "tree, 나무",
            "SmallCategory": ""
        },
        {
            "label": "house, 주택",
            "points": [
                [
                    1922.0914306641,
                    1225.0245361328
                ],
                [
                    2928.5805664062,
                    2091.3522949219
                ]
            ],
            "shape_type": "bbox",
            "occluded": 0,
            "object_id": 3,
            "LargeCategory": "artifact, 인공물",
            "MediumCategory": "building, 건물",
            "SmallCategory": "house, 주택"
        },
        {
            "label": "streetlamp, telephone pole, 가로등, 전신주",
            "points": [
                [
                    935.3378295898,
                    1106.9470214844
                ],
                [
                    1223.9357910156,
                    1223.1134033203
                ]
            ],
            "shape_type": "bbox",
            "occluded": 0,
            "object_id": 4,
            "LargeCategory": "artifact, 인공물",
            "MediumCategory": "structure, 구조물",
            "SmallCategory": "streetlamp, telephone pole, 가로등, 전신주"
        },
        {
            "label": "car_vechicle, 승용차",
            "points": [
                [
                    2976.1596679688,
                    1337.3459472656
                ],
                [
                    3090.2866210938,
                    1592.1218261719
                ]
            ],
            "shape_type": "bbox",
            "occluded": 0,
            "object_id": 5,
            "LargeCategory": "artifact, 인공물",
            "MediumCategory": "vehicle, 차량",
            "SmallCategory": "car_vechicle, 승용차"
        },
        {
            "label": "car_vechicle, 승용차",
            "points": [
                [
                    3488.3254394531,
                    884.1119384766
                ],
                [
                    3612.6540527344,
                    1116.2160644531
                ]
            ],
            "shape_type": "bbox",
            "occluded": 0,
            "object_id": 6,
            "LargeCategory": "artifact, 인공물",
            "MediumCategory": "vehicle, 차량",
            "SmallCategory": "car_vechicle, 승용차"
        },
        {
            "label": "car_vechicle, 승용차",
            "points": [
                [
                    3472.2614746094,
                    0.0
                ],
                [
                    3593.3569335938,
                    206.8127288818
                ]
            ],
            "shape_type": "bbox",
            "occluded": 0,
            "object_id": 7,
            "LargeCategory": "artifact, 인공물",
            "MediumCategory": "vehicle, 차량",
            "SmallCategory": "car_vechicle, 승용차"
        },
        {
            "label": "car_vechicle, 승용차",
            "points": [
                [
                    3044.6257324219,
                    567.1936035156
                ],
                [
                    3152.0881347656,
                    792.3428344727
                ]
            ],
            "shape_type": "bbox",
            "occluded": 0,
            "object_id": 8,
            "LargeCategory": "artifact, 인공물",
            "MediumCategory": "vehicle, 차량",
            "SmallCategory": "car_vechicle, 승용차"
        },
        {
            "label": "car_vechicle, 승용차",
            "points": [
                [
                    3160.3657226562,
                    574.7807006836
                ],
                [
                    3266.4904785156,
                    795.508605957
                ]
            ],
            "shape_type": "bbox",
            "occluded": 0,
            "object_id": 9,
            "LargeCategory": "artifact, 인공물",
            "MediumCategory": "vehicle, 차량",
            "SmallCategory": "car_vechicle, 승용차"
        },
        {
            "label": "car_vechicle, 승용차",
            "points": [
                [
                    2932.3461914062,
                    1762.8132324219
                ],
                [
                    3047.0961914062,
                    1999.4346923828
                ]
            ],
            "shape_type": "bbox",
            "occluded": 0,
            "object_id": 10,
            "LargeCategory": "artifact, 인공물",
            "MediumCategory": "vehicle, 차량",
            "SmallCategory": "car_vechicle, 승용차"
        },
        {
            "label": "car_vechicle, 승용차",
            "points": [
                [
                    3480.2946777344,
                    263.3999938965
                ],
                [
                    3593.9340820312,
                    504.4341430664
                ]
            ],
            "shape_type": "bbox",
            "occluded": 0,
            "object_id": 11,
            "LargeCategory": "artifact, 인공물",
            "MediumCategory": "vehicle, 차량",
            "SmallCategory": "car_vechicle, 승용차"
        },
        {
            "label": "car_vechicle, 승용차",
            "points": [
                [
                    3489.7109375,
                    610.5288696289
                ],
                [
                    3600.6462402344,
                    845.985534668
                ]
            ],
            "shape_type": "bbox",
            "occluded": 0,
            "object_id": 12,
            "LargeCategory": "artifact, 인공물",
            "MediumCategory": "vehicle, 차량",
            "SmallCategory": "car_vechicle, 승용차"
        },
        {
            "label": "car_vechicle, 승용차",
            "points": [
                [
                    3211.1079101562,
                    971.1206054688
                ],
                [
                    3314.1560058594,
                    1085.9504394531
                ]
            ],
            "shape_type": "bbox",
            "occluded": 0,
            "object_id": 13,
            "LargeCategory": "artifact, 인공물",
            "MediumCategory": "vehicle, 차량",
            "SmallCategory": "car_vechicle, 승용차"
        },
        {
            "label": "car_vechicle, 승용차",
            "points": [
                [
                    1515.7705078125,
                    1538.0068359375
                ],
                [
                    1614.5347900391,
                    1678.5587158203
                ]
            ],
            "shape_type": "bbox",
            "occluded": 0,
            "object_id": 14,
            "LargeCategory": "artifact, 인공물",
            "MediumCategory": "vehicle, 차량",
            "SmallCategory": "car_vechicle, 승용차"
        }
    ]
}