{
    "info": {
        "image_name": "00000186.jpg",
        "mission": "도심지",
        "region_name": "Daegu-Geumho-District",
        "width": 3840,
        "height": 2160,
        "date": "202007171236",
        "frame_id": "00000186",
        "copyright": "ISLab, University of Ulsan, https://islab.ulsan.ac.kr",
        "altitude": "3.500000112",
        "latitude": "35.895861962249",
        "longitude": "128.513765143115",
        "weather": "sunny",
        "device": "카메라",
        "drone_name": "DJI Mavic2",
        "angle": "90",
        "speed": "0 m/s"
    },
    "shapes": [
        {
            "label": "tree, 나무",
            "points": [
                [
                    202.3834381104,
                    1506.3140869141
                ],
                [
                    307.9774780273,
                    1619.8204345703
                ]
            ],
            "shape_type": "bbox",
            "occluded": 0,
            "object_id": 1,
            "LargeCategory": "natural, 자연물",
            "MediumCategory": "tree, 나무",
            "SmallCategory": ""
        }
    ]
}