{
    "info": {
        "image_name": "00005073.jpg",
        "mission": "도심지",
        "region_name": "Daegu-Geumho-District",
        "width": 3840,
        "height": 2160,
        "date": "202007171236",
        "frame_id": "00005073",
        "copyright": "ISLab, University of Ulsan, https://islab.ulsan.ac.kr",
        "altitude": "59.9000019168",
        "latitude": "35.8953275975049",
        "longitude": "128.515107757442",
        "weather": "sunny",
        "device": "카메라",
        "drone_name": "DJI Mavic2",
        "angle": "90",
        "speed": "6.5766036 m/s"
    },
    "shapes": [
        {
            "label": "tree, 나무",
            "points": [
                [
                    845.6635131836,
                    829.7778930664
                ],
                [
                    1120.4578857422,
                    1110.8786621094
                ]
            ],
            "shape_type": "bbox",
            "occluded": 0,
            "object_id": 1,
            "LargeCategory": "natural, 자연물",
            "MediumCategory": "tree, 나무",
            "SmallCategory": ""
        },
        {
            "label": "tree, 나무",
            "points": [
                [
                    887.9731445312,
                    1284.0401611328
                ],
                [
                    1166.71875,
                    1542.5314941406
                ]
            ],
            "shape_type": "bbox",
            "occluded": 0,
            "object_id": 2,
            "LargeCategory": "natural, 자연물",
            "MediumCategory": "tree, 나무",
            "SmallCategory": ""
        },
        {
            "label": "tree, 나무",
            "points": [
                [
                    1102.8289794922,
                    189.6446838379
                ],
                [
                    1496.0712890625,
                    566.0049438477
                ]
            ],
            "shape_type": "bbox",
            "occluded": 0,
            "object_id": 3,
            "LargeCategory": "natural, 자연물",
            "MediumCategory": "tree, 나무",
            "SmallCategory": ""
        },
        {
            "label": "tree, 나무",
            "points": [
                [
                    810.1369628906,
                    86.6154327393
                ],
                [
                    1011.9286499023,
                    277.5045471191
                ]
            ],
            "shape_type": "bbox",
            "occluded": 0,
            "object_id": 4,
            "LargeCategory": "natural, 자연물",
            "MediumCategory": "tree, 나무",
            "SmallCategory": ""
        },
        {
            "label": "tree, 나무",
            "points": [
                [
                    2830.6086425781,
                    955.0941162109
                ],
                [
                    2993.1740722656,
                    1137.3245849609
                ]
            ],
            "shape_type": "bbox",
            "occluded": 0,
            "object_id": 5,
            "LargeCategory": "natural, 자연물",
            "MediumCategory": "tree, 나무",
            "SmallCategory": ""
        },
        {
            "label": "tree, 나무",
            "points": [
                [
                    1234.0153808594,
                    1048.8258056641
                ],
                [
                    1561.3590087891,
                    1373.2083740234
                ]
            ],
            "shape_type": "bbox",
            "occluded": 0,
            "object_id": 6,
            "LargeCategory": "natural, 자연물",
            "MediumCategory": "tree, 나무",
            "SmallCategory": ""
        },
        {
            "label": "tree, 나무",
            "points": [
                [
                    1161.3559570312,
                    598.5065307617
                ],
                [
                    1525.1494140625,
                    959.1873168945
                ]
            ],
            "shape_type": "bbox",
            "occluded": 0,
            "object_id": 7,
            "LargeCategory": "natural, 자연물",
            "MediumCategory": "tree, 나무",
            "SmallCategory": ""
        },
        {
            "label": "tree, 나무",
            "points": [
                [
                    845.4899291992,
                    493.4696655273
                ],
                [
                    1060.0100097656,
                    678.236328125
                ]
            ],
            "shape_type": "bbox",
            "occluded": 0,
            "object_id": 8,
            "LargeCategory": "natural, 자연물",
            "MediumCategory": "tree, 나무",
            "SmallCategory": ""
        },
        {
            "label": "tree, 나무",
            "points": [
                [
                    974.7568969727,
                    1618.4749755859
                ],
                [
                    1234.4299316406,
                    1913.3365478516
                ]
            ],
            "shape_type": "bbox",
            "occluded": 0,
            "object_id": 9,
            "LargeCategory": "natural, 자연물",
            "MediumCategory": "tree, 나무",
            "SmallCategory": ""
        },
        {
            "label": "house, 주택",
            "points": [
                [
                    1753.9635009766,
                    1199.4560546875
                ],
                [
                    2957.2702636719,
                    2027.1871337891
                ]
            ],
            "shape_type": "bbox",
            "occluded": 0,
            "object_id": 10,
            "LargeCategory": "artifact, 인공물",
            "MediumCategory": "building, 건물",
            "SmallCategory": "house, 주택"
        },
        {
            "label": "house, 주택",
            "points": [
                [
                    1563.0379638672,
                    0.0
                ],
                [
                    2907.8154296875,
                    1018.4188232422
                ]
            ],
            "shape_type": "bbox",
            "occluded": 0,
            "object_id": 11,
            "LargeCategory": "artifact, 인공물",
            "MediumCategory": "building, 건물",
            "SmallCategory": "house, 주택"
        },
        {
            "label": "house, 주택",
            "points": [
                [
                    3464.7080078125,
                    1102.8062744141
                ],
                [
                    3572.5534667969,
                    1306.7766113281
                ]
            ],
            "shape_type": "bbox",
            "occluded": 0,
            "object_id": 12,
            "LargeCategory": "artifact, 인공물",
            "MediumCategory": "building, 건물",
            "SmallCategory": "house, 주택"
        },
        {
            "label": "car_vechicle, 승용차",
            "points": [
                [
                    3277.3569335938,
                    1806.6142578125
                ],
                [
                    3404.68359375,
                    2056.3513183594
                ]
            ],
            "shape_type": "bbox",
            "occluded": 0,
            "object_id": 13,
            "LargeCategory": "artifact, 인공물",
            "MediumCategory": "vehicle, 차량",
            "SmallCategory": "car_vechicle, 승용차"
        },
        {
            "label": "car_vechicle, 승용차",
            "points": [
                [
                    3378.8471679688,
                    605.9652709961
                ],
                [
                    3510.3044433594,
                    848.0382080078
                ]
            ],
            "shape_type": "bbox",
            "occluded": 0,
            "object_id": 14,
            "LargeCategory": "artifact, 인공물",
            "MediumCategory": "vehicle, 차량",
            "SmallCategory": "car_vechicle, 승용차"
        },
        {
            "label": "car_vechicle, 승용차",
            "points": [
                [
                    3554.6528320312,
                    1751.8814697266
                ],
                [
                    3678.556640625,
                    1982.8348388672
                ]
            ],
            "shape_type": "bbox",
            "occluded": 0,
            "object_id": 15,
            "LargeCategory": "artifact, 인공물",
            "MediumCategory": "vehicle, 차량",
            "SmallCategory": "car_vechicle, 승용차"
        },
        {
            "label": "car_vechicle, 승용차",
            "points": [
                [
                    3304.6672363281,
                    57.3136978149
                ],
                [
                    3438.748046875,
                    318.8231201172
                ]
            ],
            "shape_type": "bbox",
            "occluded": 0,
            "object_id": 16,
            "LargeCategory": "artifact, 인공물",
            "MediumCategory": "vehicle, 차량",
            "SmallCategory": "car_vechicle, 승용차"
        },
        {
            "label": "car_vechicle, 승용차",
            "points": [
                [
                    2961.48046875,
                    1141.6390380859
                ],
                [
                    3087.5622558594,
                    1389.0994873047
                ]
            ],
            "shape_type": "bbox",
            "occluded": 0,
            "object_id": 17,
            "LargeCategory": "artifact, 인공물",
            "MediumCategory": "vehicle, 차량",
            "SmallCategory": "car_vechicle, 승용차"
        },
        {
            "label": "car_vechicle, 승용차",
            "points": [
                [
                    2992.7280273438,
                    21.6628055573
                ],
                [
                    3134.8696289062,
                    261.6824035645
                ]
            ],
            "shape_type": "bbox",
            "occluded": 0,
            "object_id": 18,
            "LargeCategory": "artifact, 인공물",
            "MediumCategory": "vehicle, 차량",
            "SmallCategory": "car_vechicle, 승용차"
        },
        {
            "label": "car_vechicle, 승용차",
            "points": [
                [
                    2855.4694824219,
                    1152.0794677734
                ],
                [
                    2978.1052246094,
                    1378.0716552734
                ]
            ],
            "shape_type": "bbox",
            "occluded": 0,
            "object_id": 19,
            "LargeCategory": "artifact, 인공물",
            "MediumCategory": "vehicle, 차량",
            "SmallCategory": "car_vechicle, 승용차"
        },
        {
            "label": "car_vechicle, 승용차",
            "points": [
                [
                    3151.7570800781,
                    1135.3345947266
                ],
                [
                    3274.8063964844,
                    1390.30078125
                ]
            ],
            "shape_type": "bbox",
            "occluded": 0,
            "object_id": 20,
            "LargeCategory": "artifact, 인공물",
            "MediumCategory": "vehicle, 차량",
            "SmallCategory": "car_vechicle, 승용차"
        },
        {
            "label": "car_vechicle, 승용차",
            "points": [
                [
                    56.9039344788,
                    177.1741485596
                ],
                [
                    163.6897583008,
                    367.2118225098
                ]
            ],
            "shape_type": "bbox",
            "occluded": 0,
            "object_id": 21,
            "LargeCategory": "artifact, 인공물",
            "MediumCategory": "vehicle, 차량",
            "SmallCategory": "car_vechicle, 승용차"
        },
        {
            "label": "car_vechicle, 승용차",
            "points": [
                [
                    3110.6879882812,
                    456.0916137695
                ],
                [
                    3240.5437011719,
                    706.5695800781
                ]
            ],
            "shape_type": "bbox",
            "occluded": 0,
            "object_id": 22,
            "LargeCategory": "artifact, 인공물",
            "MediumCategory": "vehicle, 차량",
            "SmallCategory": "car_vechicle, 승용차"
        },
        {
            "label": "car_vechicle, 승용차",
            "points": [
                [
                    3093.1640625,
                    1133.7377929688
                ],
                [
                    3212.263671875,
                    1404.3179931641
                ]
            ],
            "shape_type": "bbox",
            "occluded": 0,
            "object_id": 23,
            "LargeCategory": "artifact, 인공물",
            "MediumCategory": "vehicle, 차량",
            "SmallCategory": "car_vechicle, 승용차"
        },
        {
            "label": "car_vechicle, 승용차",
            "points": [
                [
                    3505.4672851562,
                    1403.5971679688
                ],
                [
                    3639.3916015625,
                    1676.2843017578
                ]
            ],
            "shape_type": "bbox",
            "occluded": 0,
            "object_id": 24,
            "LargeCategory": "artifact, 인공물",
            "MediumCategory": "vehicle, 차량",
            "SmallCategory": "car_vechicle, 승용차"
        },
        {
            "label": "car_vechicle, 승용차",
            "points": [
                [
                    3479.6379394531,
                    1104.1293945312
                ],
                [
                    3602.3012695312,
                    1351.1408691406
                ]
            ],
            "shape_type": "bbox",
            "occluded": 0,
            "object_id": 25,
            "LargeCategory": "artifact, 인공물",
            "MediumCategory": "vehicle, 차량",
            "SmallCategory": "car_vechicle, 승용차"
        },
        {
            "label": "car_vechicle, 승용차",
            "points": [
                [
                    3490.390625,
                    1238.2864990234
                ],
                [
                    3601.4450683594,
                    1358.3168945312
                ]
            ],
            "shape_type": "bbox",
            "occluded": 0,
            "object_id": 26,
            "LargeCategory": "artifact, 인공물",
            "MediumCategory": "vehicle, 차량",
            "SmallCategory": "car_vechicle, 승용차"
        },
        {
            "label": "truck_vehicle, 트럭",
            "points": [
                [
                    3506.5559082031,
                    1415.6090087891
                ],
                [
                    3635.9162597656,
                    1681.0760498047
                ]
            ],
            "shape_type": "bbox",
            "occluded": 0,
            "object_id": 27,
            "LargeCategory": "artifact, 인공물",
            "MediumCategory": "vehicle, 차량",
            "SmallCategory": "truck_vehicle, 트럭"
        },
        {
            "label": "truck_vehicle, 트럭",
            "points": [
                [
                    3475.2253417969,
                    1097.8911132812
                ],
                [
                    3597.4826660156,
                    1350.4951171875
                ]
            ],
            "shape_type": "bbox",
            "occluded": 0,
            "object_id": 28,
            "LargeCategory": "artifact, 인공물",
            "MediumCategory": "vehicle, 차량",
            "SmallCategory": "truck_vehicle, 트럭"
        },
        {
            "label": "truck_vehicle, 트럭",
            "points": [
                [
                    2184.4128417969,
                    1028.8383789062
                ],
                [
                    2282.9846191406,
                    1104.4499511719
                ]
            ],
            "shape_type": "bbox",
            "occluded": 0,
            "object_id": 29,
            "LargeCategory": "artifact, 인공물",
            "MediumCategory": "vehicle, 차량",
            "SmallCategory": "truck_vehicle, 트럭"
        }
    ]
}