{
    "info": {
        "image_name": "00000508.jpg",
        "mission": "도심지",
        "region_name": "Daegu-Geumho-District",
        "width": 3840,
        "height": 2160,
        "date": "202007171236",
        "frame_id": "00000508",
        "copyright": "ISLab, University of Ulsan, https://islab.ulsan.ac.kr",
        "altitude": "36.000001152",
        "latitude": "35.8958629012776",
        "longitude": "128.513765604478",
        "weather": "sunny",
        "device": "카메라",
        "drone_name": "DJI Mavic2",
        "angle": "90",
        "speed": "0 m/s"
    },
    "shapes": [
        {
            "label": "truck_vehicle, 트럭",
            "points": [
                [
                    797.9647827148,
                    1856.8198242188
                ],
                [
                    1039.4887695312,
                    2053.087890625
                ]
            ],
            "shape_type": "bbox",
            "occluded": 0,
            "object_id": 1,
            "LargeCategory": "artifact, 인공물",
            "MediumCategory": "vehicle, 차량",
            "SmallCategory": "truck_vehicle, 트럭"
        }
    ]
}