{
    "info": {
        "image_name": "00006602.jpg",
        "mission": "도심지",
        "region_name": "Daegu-Geumho-District",
        "width": 3840,
        "height": 2160,
        "date": "202007171236",
        "frame_id": "00006602",
        "copyright": "ISLab, University of Ulsan, https://islab.ulsan.ac.kr",
        "altitude": "59.9000019168",
        "latitude": "35.8956991625951",
        "longitude": "128.514437513298",
        "weather": "sunny",
        "device": "카메라",
        "drone_name": "DJI Mavic2",
        "angle": "90",
        "speed": "2.684328 m/s"
    },
    "shapes": [
        {
            "label": "tree, 나무",
            "points": [
                [
                    3328.3256835938,
                    1553.9140625
                ],
                [
                    3616.5927734375,
                    1813.0778808594
                ]
            ],
            "shape_type": "bbox",
            "occluded": 0,
            "object_id": 1,
            "LargeCategory": "natural, 자연물",
            "MediumCategory": "tree, 나무",
            "SmallCategory": ""
        },
        {
            "label": "tree, 나무",
            "points": [
                [
                    2801.8869628906,
                    1631.4178466797
                ],
                [
                    3079.0483398438,
                    1906.9780273438
                ]
            ],
            "shape_type": "bbox",
            "occluded": 0,
            "object_id": 2,
            "LargeCategory": "natural, 자연물",
            "MediumCategory": "tree, 나무",
            "SmallCategory": ""
        },
        {
            "label": "tree, 나무",
            "points": [
                [
                    15.2705945969,
                    688.9838867188
                ],
                [
                    349.713684082,
                    1096.3565673828
                ]
            ],
            "shape_type": "bbox",
            "occluded": 0,
            "object_id": 3,
            "LargeCategory": "natural, 자연물",
            "MediumCategory": "tree, 나무",
            "SmallCategory": ""
        },
        {
            "label": "tree, 나무",
            "points": [
                [
                    515.2567138672,
                    779.339050293
                ],
                [
                    643.0462036133,
                    907.553527832
                ]
            ],
            "shape_type": "bbox",
            "occluded": 0,
            "object_id": 4,
            "LargeCategory": "natural, 자연물",
            "MediumCategory": "tree, 나무",
            "SmallCategory": ""
        },
        {
            "label": "tree, 나무",
            "points": [
                [
                    808.6246337891,
                    1904.2052001953
                ],
                [
                    1034.5537109375,
                    2114.3310546875
                ]
            ],
            "shape_type": "bbox",
            "occluded": 0,
            "object_id": 5,
            "LargeCategory": "natural, 자연물",
            "MediumCategory": "tree, 나무",
            "SmallCategory": ""
        },
        {
            "label": "tree, 나무",
            "points": [
                [
                    1113.6906738281,
                    1852.7562255859
                ],
                [
                    1324.4068603516,
                    2091.3215332031
                ]
            ],
            "shape_type": "bbox",
            "occluded": 0,
            "object_id": 6,
            "LargeCategory": "natural, 자연물",
            "MediumCategory": "tree, 나무",
            "SmallCategory": ""
        },
        {
            "label": "house, 주택",
            "points": [
                [
                    150.2186889648,
                    697.4729614258
                ],
                [
                    1369.8255615234,
                    1802.0532226562
                ]
            ],
            "shape_type": "bbox",
            "occluded": 0,
            "object_id": 7,
            "LargeCategory": "artifact, 인공물",
            "MediumCategory": "building, 건물",
            "SmallCategory": "house, 주택"
        },
        {
            "label": "house, 주택",
            "points": [
                [
                    248.8500518799,
                    230.8989257812
                ],
                [
                    1401.0354003906,
                    1029.8077392578
                ]
            ],
            "shape_type": "bbox",
            "occluded": 0,
            "object_id": 8,
            "LargeCategory": "artifact, 인공물",
            "MediumCategory": "building, 건물",
            "SmallCategory": "house, 주택"
        },
        {
            "label": "house, 주택",
            "points": [
                [
                    2471.1140136719,
                    37.4612007141
                ],
                [
                    3634.9826660156,
                    1408.6185302734
                ]
            ],
            "shape_type": "bbox",
            "occluded": 0,
            "object_id": 9,
            "LargeCategory": "artifact, 인공물",
            "MediumCategory": "building, 건물",
            "SmallCategory": "house, 주택"
        },
        {
            "label": "streetlamp, telephone pole, 가로등, 전신주",
            "points": [
                [
                    683.5643310547,
                    2032.1904296875
                ],
                [
                    824.8081054688,
                    2160.0
                ]
            ],
            "shape_type": "bbox",
            "occluded": 0,
            "object_id": 10,
            "LargeCategory": "artifact, 인공물",
            "MediumCategory": "structure, 구조물",
            "SmallCategory": "streetlamp, telephone pole, 가로등, 전신주"
        },
        {
            "label": "car_vechicle, 승용차",
            "points": [
                [
                    2142.1064453125,
                    849.3505859375
                ],
                [
                    2253.7788085938,
                    1108.5571289062
                ]
            ],
            "shape_type": "bbox",
            "occluded": 0,
            "object_id": 11,
            "LargeCategory": "artifact, 인공물",
            "MediumCategory": "vehicle, 차량",
            "SmallCategory": "car_vechicle, 승용차"
        },
        {
            "label": "car_vechicle, 승용차",
            "points": [
                [
                    1904.3557128906,
                    1385.8369140625
                ],
                [
                    2029.7454833984,
                    1644.6853027344
                ]
            ],
            "shape_type": "bbox",
            "occluded": 0,
            "object_id": 12,
            "LargeCategory": "artifact, 인공물",
            "MediumCategory": "vehicle, 차량",
            "SmallCategory": "car_vechicle, 승용차"
        },
        {
            "label": "car_vechicle, 승용차",
            "points": [
                [
                    1701.8020019531,
                    1001.0305786133
                ],
                [
                    1822.17578125,
                    1237.4270019531
                ]
            ],
            "shape_type": "bbox",
            "occluded": 0,
            "object_id": 13,
            "LargeCategory": "artifact, 인공물",
            "MediumCategory": "vehicle, 차량",
            "SmallCategory": "car_vechicle, 승용차"
        },
        {
            "label": "car_vechicle, 승용차",
            "points": [
                [
                    1700.6748046875,
                    707.6658325195
                ],
                [
                    1808.9409179688,
                    942.0891113281
                ]
            ],
            "shape_type": "bbox",
            "occluded": 0,
            "object_id": 14,
            "LargeCategory": "artifact, 인공물",
            "MediumCategory": "vehicle, 차량",
            "SmallCategory": "car_vechicle, 승용차"
        },
        {
            "label": "car_vechicle, 승용차",
            "points": [
                [
                    2130.8537597656,
                    1165.1820068359
                ],
                [
                    2243.5141601562,
                    1398.9611816406
                ]
            ],
            "shape_type": "bbox",
            "occluded": 0,
            "object_id": 15,
            "LargeCategory": "artifact, 인공물",
            "MediumCategory": "vehicle, 차량",
            "SmallCategory": "car_vechicle, 승용차"
        },
        {
            "label": "car_vechicle, 승용차",
            "points": [
                [
                    1703.8013916016,
                    410.9053344727
                ],
                [
                    1807.4619140625,
                    656.3385620117
                ]
            ],
            "shape_type": "bbox",
            "occluded": 0,
            "object_id": 16,
            "LargeCategory": "artifact, 인공물",
            "MediumCategory": "vehicle, 차량",
            "SmallCategory": "car_vechicle, 승용차"
        },
        {
            "label": "car_vechicle, 승용차",
            "points": [
                [
                    2160.4645996094,
                    1656.9327392578
                ],
                [
                    2372.6911621094,
                    1782.3421630859
                ]
            ],
            "shape_type": "bbox",
            "occluded": 0,
            "object_id": 17,
            "LargeCategory": "artifact, 인공물",
            "MediumCategory": "vehicle, 차량",
            "SmallCategory": "car_vechicle, 승용차"
        },
        {
            "label": "car_vechicle, 승용차",
            "points": [
                [
                    2128.763671875,
                    282.4447631836
                ],
                [
                    2237.0244140625,
                    525.4458618164
                ]
            ],
            "shape_type": "bbox",
            "occluded": 0,
            "object_id": 18,
            "LargeCategory": "artifact, 인공물",
            "MediumCategory": "vehicle, 차량",
            "SmallCategory": "car_vechicle, 승용차"
        },
        {
            "label": "truck_vehicle, 트럭",
            "points": [
                [
                    1426.5814208984,
                    102.5944137573
                ],
                [
                    1672.2578125,
                    283.8618774414
                ]
            ],
            "shape_type": "bbox",
            "occluded": 0,
            "object_id": 19,
            "LargeCategory": "artifact, 인공물",
            "MediumCategory": "vehicle, 차량",
            "SmallCategory": "truck_vehicle, 트럭"
        }
    ]
}