{
    "info": {
        "image_name": "00008379.jpg",
        "mission": "도심지",
        "region_name": "Daegu-Geumho-District",
        "width": 3840,
        "height": 2160,
        "date": "202007171236",
        "frame_id": "00008379",
        "copyright": "ISLab, University of Ulsan, https://islab.ulsan.ac.kr",
        "altitude": "60.00000192",
        "latitude": "35.8953907963474",
        "longitude": "128.516334952702",
        "weather": "sunny",
        "device": "카메라",
        "drone_name": "DJI Mavic2",
        "angle": "90",
        "speed": "6.3976484 m/s"
    },
    "shapes": [
        {
            "label": "tree, 나무",
            "points": [
                [
                    2407.9323730469,
                    36.8417778015
                ],
                [
                    2775.5295410156,
                    358.8366394043
                ]
            ],
            "shape_type": "bbox",
            "occluded": 0,
            "object_id": 1,
            "LargeCategory": "natural, 자연물",
            "MediumCategory": "tree, 나무",
            "SmallCategory": ""
        },
        {
            "label": "tree, 나무",
            "points": [
                [
                    3084.1733398438,
                    1273.2253417969
                ],
                [
                    3447.4267578125,
                    1606.1826171875
                ]
            ],
            "shape_type": "bbox",
            "occluded": 0,
            "object_id": 2,
            "LargeCategory": "natural, 자연물",
            "MediumCategory": "tree, 나무",
            "SmallCategory": ""
        },
        {
            "label": "house, 주택",
            "points": [
                [
                    376.8426513672,
                    0.0
                ],
                [
                    1603.1356201172,
                    897.9429321289
                ]
            ],
            "shape_type": "bbox",
            "occluded": 0,
            "object_id": 3,
            "LargeCategory": "artifact, 인공물",
            "MediumCategory": "building, 건물",
            "SmallCategory": "house, 주택"
        },
        {
            "label": "house, 주택",
            "points": [
                [
                    3159.8371582031,
                    1751.6566162109
                ],
                [
                    3774.1101074219,
                    2139.2277832031
                ]
            ],
            "shape_type": "bbox",
            "occluded": 0,
            "object_id": 4,
            "LargeCategory": "artifact, 인공물",
            "MediumCategory": "building, 건물",
            "SmallCategory": "house, 주택"
        },
        {
            "label": "car_vechicle, 승용차",
            "points": [
                [
                    1964.8706054688,
                    1384.2698974609
                ],
                [
                    2190.5178222656,
                    1557.2462158203
                ]
            ],
            "shape_type": "bbox",
            "occluded": 0,
            "object_id": 5,
            "LargeCategory": "artifact, 인공물",
            "MediumCategory": "vehicle, 차량",
            "SmallCategory": "car_vechicle, 승용차"
        },
        {
            "label": "car_vechicle, 승용차",
            "points": [
                [
                    2600.1174316406,
                    1112.9248046875
                ],
                [
                    2839.0078125,
                    1282.83203125
                ]
            ],
            "shape_type": "bbox",
            "occluded": 0,
            "object_id": 6,
            "LargeCategory": "artifact, 인공물",
            "MediumCategory": "vehicle, 차량",
            "SmallCategory": "car_vechicle, 승용차"
        },
        {
            "label": "car_vechicle, 승용차",
            "points": [
                [
                    383.3754272461,
                    1510.0485839844
                ],
                [
                    602.2681884766,
                    1657.0413818359
                ]
            ],
            "shape_type": "bbox",
            "occluded": 0,
            "object_id": 7,
            "LargeCategory": "artifact, 인공물",
            "MediumCategory": "vehicle, 차량",
            "SmallCategory": "car_vechicle, 승용차"
        },
        {
            "label": "car_vechicle, 승용차",
            "points": [
                [
                    44.9456672668,
                    1972.900390625
                ],
                [
                    272.3174438477,
                    2145.791015625
                ]
            ],
            "shape_type": "bbox",
            "occluded": 0,
            "object_id": 8,
            "LargeCategory": "artifact, 인공물",
            "MediumCategory": "vehicle, 차량",
            "SmallCategory": "car_vechicle, 승용차"
        },
        {
            "label": "car_vechicle, 승용차",
            "points": [
                [
                    762.5563964844,
                    1650.4029541016
                ],
                [
                    966.0748291016,
                    1817.15625
                ]
            ],
            "shape_type": "bbox",
            "occluded": 0,
            "object_id": 9,
            "LargeCategory": "artifact, 인공물",
            "MediumCategory": "vehicle, 차량",
            "SmallCategory": "car_vechicle, 승용차"
        },
        {
            "label": "car_vechicle, 승용차",
            "points": [
                [
                    2571.078125,
                    773.4778442383
                ],
                [
                    2796.4011230469,
                    947.0922851562
                ]
            ],
            "shape_type": "bbox",
            "occluded": 0,
            "object_id": 10,
            "LargeCategory": "artifact, 인공물",
            "MediumCategory": "vehicle, 차량",
            "SmallCategory": "car_vechicle, 승용차"
        },
        {
            "label": "car_vechicle, 승용차",
            "points": [
                [
                    83.5647201538,
                    1636.0690917969
                ],
                [
                    305.3564147949,
                    1795.3153076172
                ]
            ],
            "shape_type": "bbox",
            "occluded": 0,
            "object_id": 11,
            "LargeCategory": "artifact, 인공물",
            "MediumCategory": "vehicle, 차량",
            "SmallCategory": "car_vechicle, 승용차"
        },
        {
            "label": "car_vechicle, 승용차",
            "points": [
                [
                    2286.6440429688,
                    920.2813720703
                ],
                [
                    2513.5314941406,
                    1066.9073486328
                ]
            ],
            "shape_type": "bbox",
            "occluded": 0,
            "object_id": 12,
            "LargeCategory": "artifact, 인공물",
            "MediumCategory": "vehicle, 차량",
            "SmallCategory": "car_vechicle, 승용차"
        },
        {
            "label": "car_vechicle, 승용차",
            "points": [
                [
                    1554.7585449219,
                    1533.0335693359
                ],
                [
                    1768.9035644531,
                    1694.1512451172
                ]
            ],
            "shape_type": "bbox",
            "occluded": 0,
            "object_id": 13,
            "LargeCategory": "artifact, 인공물",
            "MediumCategory": "vehicle, 차량",
            "SmallCategory": "car_vechicle, 승용차"
        },
        {
            "label": "car_vechicle, 승용차",
            "points": [
                [
                    1012.4838256836,
                    1518.8713378906
                ],
                [
                    1237.3629150391,
                    1668.8582763672
                ]
            ],
            "shape_type": "bbox",
            "occluded": 0,
            "object_id": 14,
            "LargeCategory": "artifact, 인공물",
            "MediumCategory": "vehicle, 차량",
            "SmallCategory": "car_vechicle, 승용차"
        },
        {
            "label": "car_vechicle, 승용차",
            "points": [
                [
                    486.9715576172,
                    1613.4418945312
                ],
                [
                    687.5994873047,
                    1781.1923828125
                ]
            ],
            "shape_type": "bbox",
            "occluded": 0,
            "object_id": 15,
            "LargeCategory": "artifact, 인공물",
            "MediumCategory": "vehicle, 차량",
            "SmallCategory": "car_vechicle, 승용차"
        },
        {
            "label": "car_vechicle, 승용차",
            "points": [
                [
                    816.0390625,
                    1792.0765380859
                ],
                [
                    1034.56640625,
                    1968.4299316406
                ]
            ],
            "shape_type": "bbox",
            "occluded": 0,
            "object_id": 16,
            "LargeCategory": "artifact, 인공물",
            "MediumCategory": "vehicle, 차량",
            "SmallCategory": "car_vechicle, 승용차"
        },
        {
            "label": "car_vechicle, 승용차",
            "points": [
                [
                    675.1616210938,
                    1365.9715576172
                ],
                [
                    900.9312133789,
                    1510.7722167969
                ]
            ],
            "shape_type": "bbox",
            "occluded": 0,
            "object_id": 17,
            "LargeCategory": "artifact, 인공물",
            "MediumCategory": "vehicle, 차량",
            "SmallCategory": "car_vechicle, 승용차"
        },
        {
            "label": "car_vechicle, 승용차",
            "points": [
                [
                    2778.5700683594,
                    688.4625854492
                ],
                [
                    2995.3432617188,
                    805.8231811523
                ]
            ],
            "shape_type": "bbox",
            "occluded": 0,
            "object_id": 18,
            "LargeCategory": "artifact, 인공물",
            "MediumCategory": "vehicle, 차량",
            "SmallCategory": "car_vechicle, 승용차"
        },
        {
            "label": "car_vechicle, 승용차",
            "points": [
                [
                    912.0190429688,
                    1261.6610107422
                ],
                [
                    1150.4467773438,
                    1406.3127441406
                ]
            ],
            "shape_type": "bbox",
            "occluded": 0,
            "object_id": 19,
            "LargeCategory": "artifact, 인공물",
            "MediumCategory": "vehicle, 차량",
            "SmallCategory": "car_vechicle, 승용차"
        },
        {
            "label": "car_vechicle, 승용차",
            "points": [
                [
                    866.4712524414,
                    1854.0235595703
                ],
                [
                    1089.5439453125,
                    2047.7143554688
                ]
            ],
            "shape_type": "bbox",
            "occluded": 0,
            "object_id": 20,
            "LargeCategory": "artifact, 인공물",
            "MediumCategory": "vehicle, 차량",
            "SmallCategory": "car_vechicle, 승용차"
        },
        {
            "label": "truck_vehicle, 트럭",
            "points": [
                [
                    2796.9501953125,
                    1401.4306640625
                ],
                [
                    2907.9970703125,
                    1523.9422607422
                ]
            ],
            "shape_type": "bbox",
            "occluded": 0,
            "object_id": 21,
            "LargeCategory": "artifact, 인공물",
            "MediumCategory": "vehicle, 차량",
            "SmallCategory": "truck_vehicle, 트럭"
        }
    ]
}