{
    "info": {
        "image_name": "00000960.jpg",
        "mission": "도심지",
        "region_name": "Daegu-Geumho-District",
        "width": 3840,
        "height": 2160,
        "date": "202007171236",
        "frame_id": "00000960",
        "copyright": "ISLab, University of Ulsan, https://islab.ulsan.ac.kr",
        "altitude": "59.500001904",
        "latitude": "35.8956858211047",
        "longitude": "128.513848039516",
        "weather": "sunny",
        "device": "카메라",
        "drone_name": "DJI Mavic2",
        "angle": "90",
        "speed": "23.0628514 m/s"
    },
    "shapes": [
        {
            "label": "tree, 나무",
            "points": [
                [
                    698.5715332031,
                    947.6715698242
                ],
                [
                    973.9608154297,
                    1260.7839355469
                ]
            ],
            "shape_type": "bbox",
            "occluded": 0,
            "object_id": 1,
            "LargeCategory": "natural, 자연물",
            "MediumCategory": "tree, 나무",
            "SmallCategory": ""
        },
        {
            "label": "tree, 나무",
            "points": [
                [
                    165.5946044922,
                    298.0696411133
                ],
                [
                    433.6271362305,
                    561.3466796875
                ]
            ],
            "shape_type": "bbox",
            "occluded": 0,
            "object_id": 2,
            "LargeCategory": "natural, 자연물",
            "MediumCategory": "tree, 나무",
            "SmallCategory": ""
        },
        {
            "label": "tree, 나무",
            "points": [
                [
                    876.8735351562,
                    617.2987670898
                ],
                [
                    1129.4931640625,
                    879.2009887695
                ]
            ],
            "shape_type": "bbox",
            "occluded": 0,
            "object_id": 3,
            "LargeCategory": "natural, 자연물",
            "MediumCategory": "tree, 나무",
            "SmallCategory": ""
        },
        {
            "label": "tree, 나무",
            "points": [
                [
                    2911.8078613281,
                    434.1873779297
                ],
                [
                    3220.4541015625,
                    739.0510864258
                ]
            ],
            "shape_type": "bbox",
            "occluded": 0,
            "object_id": 4,
            "LargeCategory": "natural, 자연물",
            "MediumCategory": "tree, 나무",
            "SmallCategory": ""
        },
        {
            "label": "tree, 나무",
            "points": [
                [
                    1092.3305664062,
                    294.6334228516
                ],
                [
                    1270.2025146484,
                    484.0905456543
                ]
            ],
            "shape_type": "bbox",
            "occluded": 0,
            "object_id": 5,
            "LargeCategory": "natural, 자연물",
            "MediumCategory": "tree, 나무",
            "SmallCategory": ""
        },
        {
            "label": "tree, 나무",
            "points": [
                [
                    3213.2336425781,
                    708.4373779297
                ],
                [
                    3616.49609375,
                    1046.2725830078
                ]
            ],
            "shape_type": "bbox",
            "occluded": 0,
            "object_id": 6,
            "LargeCategory": "natural, 자연물",
            "MediumCategory": "tree, 나무",
            "SmallCategory": ""
        },
        {
            "label": "tree, 나무",
            "points": [
                [
                    3559.8195800781,
                    925.4865112305
                ],
                [
                    3830.2426757812,
                    1242.4855957031
                ]
            ],
            "shape_type": "bbox",
            "occluded": 0,
            "object_id": 7,
            "LargeCategory": "natural, 자연물",
            "MediumCategory": "tree, 나무",
            "SmallCategory": ""
        },
        {
            "label": "tree, 나무",
            "points": [
                [
                    2244.537109375,
                    31.1782531738
                ],
                [
                    2667.677734375,
                    361.9289855957
                ]
            ],
            "shape_type": "bbox",
            "occluded": 0,
            "object_id": 8,
            "LargeCategory": "natural, 자연물",
            "MediumCategory": "tree, 나무",
            "SmallCategory": ""
        },
        {
            "label": "tree, 나무",
            "points": [
                [
                    282.9545898438,
                    1939.1374511719
                ],
                [
                    527.4439697266,
                    2144.8132324219
                ]
            ],
            "shape_type": "bbox",
            "occluded": 0,
            "object_id": 9,
            "LargeCategory": "natural, 자연물",
            "MediumCategory": "tree, 나무",
            "SmallCategory": ""
        },
        {
            "label": "car_vechicle, 승용차",
            "points": [
                [
                    850.3634033203,
                    206.2195739746
                ],
                [
                    1035.2474365234,
                    441.532623291
                ]
            ],
            "shape_type": "bbox",
            "occluded": 0,
            "object_id": 10,
            "LargeCategory": "artifact, 인공물",
            "MediumCategory": "vehicle, 차량",
            "SmallCategory": "car_vechicle, 승용차"
        },
        {
            "label": "car_vechicle, 승용차",
            "points": [
                [
                    416.3120727539,
                    1108.224609375
                ],
                [
                    582.1625976562,
                    1345.3859863281
                ]
            ],
            "shape_type": "bbox",
            "occluded": 0,
            "object_id": 11,
            "LargeCategory": "artifact, 인공물",
            "MediumCategory": "vehicle, 차량",
            "SmallCategory": "car_vechicle, 승용차"
        },
        {
            "label": "car_vechicle, 승용차",
            "points": [
                [
                    349.8230895996,
                    1592.5983886719
                ],
                [
                    544.8318481445,
                    1819.7768554688
                ]
            ],
            "shape_type": "bbox",
            "occluded": 0,
            "object_id": 12,
            "LargeCategory": "artifact, 인공물",
            "MediumCategory": "vehicle, 차량",
            "SmallCategory": "car_vechicle, 승용차"
        }
    ]
}