{
    "info": {
        "image_name": "00001317.jpg",
        "mission": "도심지",
        "region_name": "Daegu-Geumho-District",
        "width": 3840,
        "height": 2160,
        "date": "202007171236",
        "frame_id": "00001317",
        "copyright": "ISLab, University of Ulsan, https://islab.ulsan.ac.kr",
        "altitude": "59.6000019072",
        "latitude": "35.8952567054225",
        "longitude": "128.514106264026",
        "weather": "sunny",
        "device": "카메라",
        "drone_name": "DJI Mavic2",
        "angle": "90",
        "speed": "6.6660812 m/s"
    },
    "shapes": [
        {
            "label": "tree, 나무",
            "points": [
                [
                    47.4551124573,
                    584.6573486328
                ],
                [
                    333.0706481934,
                    852.7141113281
                ]
            ],
            "shape_type": "bbox",
            "occluded": 0,
            "object_id": 1,
            "LargeCategory": "natural, 자연물",
            "MediumCategory": "tree, 나무",
            "SmallCategory": ""
        },
        {
            "label": "tree, 나무",
            "points": [
                [
                    531.9199829102,
                    528.1632080078
                ],
                [
                    792.9046630859,
                    766.2973632812
                ]
            ],
            "shape_type": "bbox",
            "occluded": 0,
            "object_id": 2,
            "LargeCategory": "natural, 자연물",
            "MediumCategory": "tree, 나무",
            "SmallCategory": ""
        },
        {
            "label": "tree, 나무",
            "points": [
                [
                    2589.2797851562,
                    1521.0490722656
                ],
                [
                    2996.3996582031,
                    1932.0832519531
                ]
            ],
            "shape_type": "bbox",
            "occluded": 0,
            "object_id": 3,
            "LargeCategory": "natural, 자연물",
            "MediumCategory": "tree, 나무",
            "SmallCategory": ""
        },
        {
            "label": "tree, 나무",
            "points": [
                [
                    2787.8293457031,
                    818.4809570312
                ],
                [
                    3079.1181640625,
                    1193.1190185547
                ]
            ],
            "shape_type": "bbox",
            "occluded": 0,
            "object_id": 4,
            "LargeCategory": "natural, 자연물",
            "MediumCategory": "tree, 나무",
            "SmallCategory": ""
        },
        {
            "label": "tree, 나무",
            "points": [
                [
                    0.0,
                    1430.4073486328
                ],
                [
                    141.6953582764,
                    1639.7738037109
                ]
            ],
            "shape_type": "bbox",
            "occluded": 0,
            "object_id": 5,
            "LargeCategory": "natural, 자연물",
            "MediumCategory": "tree, 나무",
            "SmallCategory": ""
        },
        {
            "label": "tree, 나무",
            "points": [
                [
                    236.4353027344,
                    1387.6436767578
                ],
                [
                    471.2451171875,
                    1571.3604736328
                ]
            ],
            "shape_type": "bbox",
            "occluded": 0,
            "object_id": 6,
            "LargeCategory": "natural, 자연물",
            "MediumCategory": "tree, 나무",
            "SmallCategory": ""
        },
        {
            "label": "house, 주택",
            "points": [
                [
                    16.0436439514,
                    0.0
                ],
                [
                    927.1566772461,
                    365.3452758789
                ]
            ],
            "shape_type": "bbox",
            "occluded": 0,
            "object_id": 7,
            "LargeCategory": "artifact, 인공물",
            "MediumCategory": "building, 건물",
            "SmallCategory": "house, 주택"
        },
        {
            "label": "traffic light, 신호등",
            "points": [
                [
                    1790.4818115234,
                    1784.78515625
                ],
                [
                    1895.0985107422,
                    1832.4235839844
                ]
            ],
            "shape_type": "bbox",
            "occluded": 0,
            "object_id": 8,
            "LargeCategory": "artifact, 인공물",
            "MediumCategory": "structure, 구조물",
            "SmallCategory": "traffic light, 신호등"
        },
        {
            "label": "car_vechicle, 승용차",
            "points": [
                [
                    612.5157470703,
                    1051.3664550781
                ],
                [
                    862.0525512695,
                    1183.2305908203
                ]
            ],
            "shape_type": "bbox",
            "occluded": 0,
            "object_id": 9,
            "LargeCategory": "artifact, 인공물",
            "MediumCategory": "vehicle, 차량",
            "SmallCategory": "car_vechicle, 승용차"
        },
        {
            "label": "car_vechicle, 승용차",
            "points": [
                [
                    152.3313446045,
                    1121.3553466797
                ],
                [
                    409.6716308594,
                    1246.9002685547
                ]
            ],
            "shape_type": "bbox",
            "occluded": 0,
            "object_id": 10,
            "LargeCategory": "artifact, 인공물",
            "MediumCategory": "vehicle, 차량",
            "SmallCategory": "car_vechicle, 승용차"
        }
    ]
}