{
    "info": {
        "image_name": "00001324.jpg",
        "mission": "도심지",
        "region_name": "Daegu-Geumho-District",
        "width": 3840,
        "height": 2160,
        "date": "202007171236",
        "frame_id": "00001324",
        "copyright": "ISLab, University of Ulsan, https://islab.ulsan.ac.kr",
        "altitude": "59.500001904",
        "latitude": "35.8952547536612",
        "longitude": "128.514116058125",
        "weather": "sunny",
        "device": "카메라",
        "drone_name": "DJI Mavic2",
        "angle": "90",
        "speed": "6.6660812 m/s"
    },
    "shapes": [
        {
            "label": "tree, 나무",
            "points": [
                [
                    40.7533798218,
                    624.522277832
                ],
                [
                    331.0573730469,
                    899.8629760742
                ]
            ],
            "shape_type": "bbox",
            "occluded": 0,
            "object_id": 1,
            "LargeCategory": "natural, 자연물",
            "MediumCategory": "tree, 나무",
            "SmallCategory": ""
        },
        {
            "label": "tree, 나무",
            "points": [
                [
                    2589.6530761719,
                    1559.8120117188
                ],
                [
                    2981.5026855469,
                    1951.7076416016
                ]
            ],
            "shape_type": "bbox",
            "occluded": 0,
            "object_id": 2,
            "LargeCategory": "natural, 자연물",
            "MediumCategory": "tree, 나무",
            "SmallCategory": ""
        },
        {
            "label": "tree, 나무",
            "points": [
                [
                    535.5588378906,
                    570.8214111328
                ],
                [
                    786.9492797852,
                    797.1773071289
                ]
            ],
            "shape_type": "bbox",
            "occluded": 0,
            "object_id": 3,
            "LargeCategory": "natural, 자연물",
            "MediumCategory": "tree, 나무",
            "SmallCategory": ""
        },
        {
            "label": "tree, 나무",
            "points": [
                [
                    2796.5554199219,
                    844.3809814453
                ],
                [
                    3065.6267089844,
                    1207.5333251953
                ]
            ],
            "shape_type": "bbox",
            "occluded": 0,
            "object_id": 4,
            "LargeCategory": "natural, 자연물",
            "MediumCategory": "tree, 나무",
            "SmallCategory": ""
        },
        {
            "label": "tree, 나무",
            "points": [
                [
                    0.0,
                    1473.6867675781
                ],
                [
                    143.7669830322,
                    1676.4382324219
                ]
            ],
            "shape_type": "bbox",
            "occluded": 0,
            "object_id": 5,
            "LargeCategory": "natural, 자연물",
            "MediumCategory": "tree, 나무",
            "SmallCategory": ""
        },
        {
            "label": "tree, 나무",
            "points": [
                [
                    239.446182251,
                    1431.5791015625
                ],
                [
                    459.7169494629,
                    1611.31640625
                ]
            ],
            "shape_type": "bbox",
            "occluded": 0,
            "object_id": 6,
            "LargeCategory": "natural, 자연물",
            "MediumCategory": "tree, 나무",
            "SmallCategory": ""
        },
        {
            "label": "house, 주택",
            "points": [
                [
                    36.3304710388,
                    0.0
                ],
                [
                    965.9760742188,
                    391.5455322266
                ]
            ],
            "shape_type": "bbox",
            "occluded": 0,
            "object_id": 7,
            "LargeCategory": "artifact, 인공물",
            "MediumCategory": "building, 건물",
            "SmallCategory": "house, 주택"
        },
        {
            "label": "traffic light, 신호등",
            "points": [
                [
                    1793.3814697266,
                    1826.8395996094
                ],
                [
                    1894.6877441406,
                    1871.9287109375
                ]
            ],
            "shape_type": "bbox",
            "occluded": 0,
            "object_id": 8,
            "LargeCategory": "artifact, 인공물",
            "MediumCategory": "structure, 구조물",
            "SmallCategory": "traffic light, 신호등"
        },
        {
            "label": "car_vechicle, 승용차",
            "points": [
                [
                    158.1394042969,
                    1159.3029785156
                ],
                [
                    410.4536437988,
                    1287.3668212891
                ]
            ],
            "shape_type": "bbox",
            "occluded": 0,
            "object_id": 9,
            "LargeCategory": "artifact, 인공물",
            "MediumCategory": "vehicle, 차량",
            "SmallCategory": "car_vechicle, 승용차"
        },
        {
            "label": "car_vechicle, 승용차",
            "points": [
                [
                    607.2407836914,
                    1084.5626220703
                ],
                [
                    852.3246459961,
                    1216.5306396484
                ]
            ],
            "shape_type": "bbox",
            "occluded": 0,
            "object_id": 10,
            "LargeCategory": "artifact, 인공물",
            "MediumCategory": "vehicle, 차량",
            "SmallCategory": "car_vechicle, 승용차"
        }
    ]
}