{
    "info": {
        "image_name": "00002817.jpg",
        "mission": "도심지",
        "region_name": "Daegu-Geumho-District",
        "width": 3840,
        "height": 2160,
        "date": "202007171236",
        "frame_id": "00002817",
        "copyright": "ISLab, University of Ulsan, https://islab.ulsan.ac.kr",
        "altitude": "59.9000019168",
        "latitude": "35.8949748598046",
        "longitude": "128.515731832",
        "weather": "sunny",
        "device": "카메라",
        "drone_name": "DJI Mavic2",
        "angle": "90",
        "speed": "6.5766036 m/s"
    },
    "shapes": [
        {
            "label": "tree, 나무",
            "points": [
                [
                    1483.8272705078,
                    1279.7945556641
                ],
                [
                    1749.4477539062,
                    1565.2543945312
                ]
            ],
            "shape_type": "bbox",
            "occluded": 0,
            "object_id": 1,
            "LargeCategory": "natural, 자연물",
            "MediumCategory": "tree, 나무",
            "SmallCategory": ""
        },
        {
            "label": "tree, 나무",
            "points": [
                [
                    1454.1140136719,
                    1688.6536865234
                ],
                [
                    1715.6616210938,
                    2033.0687255859
                ]
            ],
            "shape_type": "bbox",
            "occluded": 0,
            "object_id": 2,
            "LargeCategory": "natural, 자연물",
            "MediumCategory": "tree, 나무",
            "SmallCategory": ""
        },
        {
            "label": "tree, 나무",
            "points": [
                [
                    1375.7059326172,
                    845.1113891602
                ],
                [
                    1717.6614990234,
                    1149.0246582031
                ]
            ],
            "shape_type": "bbox",
            "occluded": 0,
            "object_id": 3,
            "LargeCategory": "natural, 자연물",
            "MediumCategory": "tree, 나무",
            "SmallCategory": ""
        },
        {
            "label": "tree, 나무",
            "points": [
                [
                    3438.4985351562,
                    1124.6298828125
                ],
                [
                    3736.5520019531,
                    1413.1232910156
                ]
            ],
            "shape_type": "bbox",
            "occluded": 0,
            "object_id": 4,
            "LargeCategory": "natural, 자연물",
            "MediumCategory": "tree, 나무",
            "SmallCategory": ""
        },
        {
            "label": "tree, 나무",
            "points": [
                [
                    3380.8093261719,
                    1592.2048339844
                ],
                [
                    3652.1298828125,
                    1897.1276855469
                ]
            ],
            "shape_type": "bbox",
            "occluded": 0,
            "object_id": 5,
            "LargeCategory": "natural, 자연물",
            "MediumCategory": "tree, 나무",
            "SmallCategory": ""
        },
        {
            "label": "tree, 나무",
            "points": [
                [
                    1031.3153076172,
                    1542.5870361328
                ],
                [
                    1401.4881591797,
                    1917.8441162109
                ]
            ],
            "shape_type": "bbox",
            "occluded": 0,
            "object_id": 6,
            "LargeCategory": "natural, 자연물",
            "MediumCategory": "tree, 나무",
            "SmallCategory": ""
        },
        {
            "label": "tree, 나무",
            "points": [
                [
                    1020.6807861328,
                    27.7146701813
                ],
                [
                    1388.0539550781,
                    559.1987304688
                ]
            ],
            "shape_type": "bbox",
            "occluded": 0,
            "object_id": 7,
            "LargeCategory": "natural, 자연물",
            "MediumCategory": "tree, 나무",
            "SmallCategory": ""
        },
        {
            "label": "house, 주택",
            "points": [
                [
                    228.8675537109,
                    36.939666748
                ],
                [
                    951.4506225586,
                    669.9713134766
                ]
            ],
            "shape_type": "bbox",
            "occluded": 0,
            "object_id": 8,
            "LargeCategory": "artifact, 인공물",
            "MediumCategory": "building, 건물",
            "SmallCategory": "house, 주택"
        },
        {
            "label": "house, 주택",
            "points": [
                [
                    74.6771011353,
                    535.5983886719
                ],
                [
                    816.4863891602,
                    1084.2583007812
                ]
            ],
            "shape_type": "bbox",
            "occluded": 0,
            "object_id": 9,
            "LargeCategory": "artifact, 인공물",
            "MediumCategory": "building, 건물",
            "SmallCategory": "house, 주택"
        },
        {
            "label": "house, 주택",
            "points": [
                [
                    30.7625465393,
                    1104.6917724609
                ],
                [
                    677.2858276367,
                    1748.4996337891
                ]
            ],
            "shape_type": "bbox",
            "occluded": 0,
            "object_id": 10,
            "LargeCategory": "artifact, 인공물",
            "MediumCategory": "building, 건물",
            "SmallCategory": "house, 주택"
        },
        {
            "label": "house, 주택",
            "points": [
                [
                    97.3542861938,
                    1625.373046875
                ],
                [
                    925.2550048828,
                    2150.3459472656
                ]
            ],
            "shape_type": "bbox",
            "occluded": 0,
            "object_id": 11,
            "LargeCategory": "artifact, 인공물",
            "MediumCategory": "building, 건물",
            "SmallCategory": "house, 주택"
        }
    ]
}