{
    "info": {
        "image_name": "00008138.jpg",
        "mission": "도심지",
        "region_name": "Daegu-Geumho-District",
        "width": 3840,
        "height": 2160,
        "date": "202007171236",
        "frame_id": "00008138",
        "copyright": "ISLab, University of Ulsan, https://islab.ulsan.ac.kr",
        "altitude": "59.9000019168",
        "latitude": "35.8954279151411",
        "longitude": "128.516107347039",
        "weather": "sunny",
        "device": "카메라",
        "drone_name": "DJI Mavic2",
        "angle": "90",
        "speed": "6.6213424 m/s"
    },
    "shapes": [
        {
            "label": "tree, 나무",
            "points": [
                [
                    606.5972290039,
                    1716.2111816406
                ],
                [
                    836.9624633789,
                    1895.4526367188
                ]
            ],
            "shape_type": "bbox",
            "occluded": 0,
            "object_id": 1,
            "LargeCategory": "natural, 자연물",
            "MediumCategory": "tree, 나무",
            "SmallCategory": ""
        },
        {
            "label": "tree, 나무",
            "points": [
                [
                    1436.2147216797,
                    1809.3006591797
                ],
                [
                    1557.1643066406,
                    1933.4060058594
                ]
            ],
            "shape_type": "bbox",
            "occluded": 0,
            "object_id": 2,
            "LargeCategory": "natural, 자연물",
            "MediumCategory": "tree, 나무",
            "SmallCategory": ""
        },
        {
            "label": "tree, 나무",
            "points": [
                [
                    3484.2807617188,
                    809.1689453125
                ],
                [
                    3609.4274902344,
                    931.1807250977
                ]
            ],
            "shape_type": "bbox",
            "occluded": 0,
            "object_id": 3,
            "LargeCategory": "natural, 자연물",
            "MediumCategory": "tree, 나무",
            "SmallCategory": ""
        },
        {
            "label": "house, 주택",
            "points": [
                [
                    137.9890136719,
                    0.0
                ],
                [
                    1330.5589599609,
                    836.3522949219
                ]
            ],
            "shape_type": "bbox",
            "occluded": 0,
            "object_id": 4,
            "LargeCategory": "artifact, 인공물",
            "MediumCategory": "building, 건물",
            "SmallCategory": "house, 주택"
        },
        {
            "label": "house, 주택",
            "points": [
                [
                    2792.833984375,
                    0.0
                ],
                [
                    3734.755859375,
                    564.1292724609
                ]
            ],
            "shape_type": "bbox",
            "occluded": 0,
            "object_id": 5,
            "LargeCategory": "artifact, 인공물",
            "MediumCategory": "building, 건물",
            "SmallCategory": "house, 주택"
        },
        {
            "label": "house, 주택",
            "points": [
                [
                    480.7717590332,
                    816.9962768555
                ],
                [
                    1465.6087646484,
                    1766.5423583984
                ]
            ],
            "shape_type": "bbox",
            "occluded": 0,
            "object_id": 6,
            "LargeCategory": "artifact, 인공물",
            "MediumCategory": "building, 건물",
            "SmallCategory": "house, 주택"
        },
        {
            "label": "house, 주택",
            "points": [
                [
                    2692.55078125,
                    484.418762207
                ],
                [
                    3626.1274414062,
                    1883.4708251953
                ]
            ],
            "shape_type": "bbox",
            "occluded": 0,
            "object_id": 7,
            "LargeCategory": "artifact, 인공물",
            "MediumCategory": "building, 건물",
            "SmallCategory": "house, 주택"
        },
        {
            "label": "house, 주택",
            "points": [
                [
                    79.1287689209,
                    25.6476383209
                ],
                [
                    753.6856689453,
                    715.3660888672
                ]
            ],
            "shape_type": "bbox",
            "occluded": 0,
            "object_id": 8,
            "LargeCategory": "artifact, 인공물",
            "MediumCategory": "building, 건물",
            "SmallCategory": "house, 주택"
        },
        {
            "label": "car_vechicle, 승용차",
            "points": [
                [
                    2076.919921875,
                    1837.7624511719
                ],
                [
                    2204.8835449219,
                    2093.9274902344
                ]
            ],
            "shape_type": "bbox",
            "occluded": 0,
            "object_id": 9,
            "LargeCategory": "artifact, 인공물",
            "MediumCategory": "vehicle, 차량",
            "SmallCategory": "car_vechicle, 승용차"
        },
        {
            "label": "car_vechicle, 승용차",
            "points": [
                [
                    1773.9916992188,
                    1347.2301025391
                ],
                [
                    1882.197265625,
                    1587.0126953125
                ]
            ],
            "shape_type": "bbox",
            "occluded": 0,
            "object_id": 10,
            "LargeCategory": "artifact, 인공물",
            "MediumCategory": "vehicle, 차량",
            "SmallCategory": "car_vechicle, 승용차"
        },
        {
            "label": "car_vechicle, 승용차",
            "points": [
                [
                    2254.9975585938,
                    276.5678405762
                ],
                [
                    2362.2399902344,
                    495.7694702148
                ]
            ],
            "shape_type": "bbox",
            "occluded": 0,
            "object_id": 11,
            "LargeCategory": "artifact, 인공물",
            "MediumCategory": "vehicle, 차량",
            "SmallCategory": "car_vechicle, 승용차"
        },
        {
            "label": "car_vechicle, 승용차",
            "points": [
                [
                    1795.0411376953,
                    1653.9879150391
                ],
                [
                    1911.5184326172,
                    1914.5966796875
                ]
            ],
            "shape_type": "bbox",
            "occluded": 0,
            "object_id": 12,
            "LargeCategory": "artifact, 인공물",
            "MediumCategory": "vehicle, 차량",
            "SmallCategory": "car_vechicle, 승용차"
        },
        {
            "label": "car_vechicle, 승용차",
            "points": [
                [
                    2447.5229492188,
                    1841.4750976562
                ],
                [
                    2559.7739257812,
                    2088.205078125
                ]
            ],
            "shape_type": "bbox",
            "occluded": 0,
            "object_id": 13,
            "LargeCategory": "artifact, 인공물",
            "MediumCategory": "vehicle, 차량",
            "SmallCategory": "car_vechicle, 승용차"
        },
        {
            "label": "car_vechicle, 승용차",
            "points": [
                [
                    2062.8115234375,
                    1052.3842773438
                ],
                [
                    2167.0764160156,
                    1287.3004150391
                ]
            ],
            "shape_type": "bbox",
            "occluded": 0,
            "object_id": 14,
            "LargeCategory": "artifact, 인공물",
            "MediumCategory": "vehicle, 차량",
            "SmallCategory": "car_vechicle, 승용차"
        },
        {
            "label": "car_vechicle, 승용차",
            "points": [
                [
                    1759.4924316406,
                    1026.6185302734
                ],
                [
                    1864.0083007812,
                    1259.3732910156
                ]
            ],
            "shape_type": "bbox",
            "occluded": 0,
            "object_id": 15,
            "LargeCategory": "artifact, 인공물",
            "MediumCategory": "vehicle, 차량",
            "SmallCategory": "car_vechicle, 승용차"
        },
        {
            "label": "car_vechicle, 승용차",
            "points": [
                [
                    2199.8674316406,
                    1040.0977783203
                ],
                [
                    2320.4387207031,
                    1290.9964599609
                ]
            ],
            "shape_type": "bbox",
            "occluded": 0,
            "object_id": 16,
            "LargeCategory": "artifact, 인공물",
            "MediumCategory": "vehicle, 차량",
            "SmallCategory": "car_vechicle, 승용차"
        },
        {
            "label": "car_vechicle, 승용차",
            "points": [
                [
                    1748.7082519531,
                    738.7579345703
                ],
                [
                    1862.0026855469,
                    966.5411376953
                ]
            ],
            "shape_type": "bbox",
            "occluded": 0,
            "object_id": 17,
            "LargeCategory": "artifact, 인공물",
            "MediumCategory": "vehicle, 차량",
            "SmallCategory": "car_vechicle, 승용차"
        },
        {
            "label": "car_vechicle, 승용차",
            "points": [
                [
                    2324.0205078125,
                    1885.0604248047
                ],
                [
                    2430.8630371094,
                    2099.7026367188
                ]
            ],
            "shape_type": "bbox",
            "occluded": 0,
            "object_id": 18,
            "LargeCategory": "artifact, 인공물",
            "MediumCategory": "vehicle, 차량",
            "SmallCategory": "car_vechicle, 승용차"
        },
        {
            "label": "car_vechicle, 승용차",
            "points": [
                [
                    2041.3194580078,
                    773.8602905273
                ],
                [
                    2147.3332519531,
                    911.9134521484
                ]
            ],
            "shape_type": "bbox",
            "occluded": 0,
            "object_id": 19,
            "LargeCategory": "artifact, 인공물",
            "MediumCategory": "vehicle, 차량",
            "SmallCategory": "car_vechicle, 승용차"
        },
        {
            "label": "car_vechicle, 승용차",
            "points": [
                [
                    2293.2045898438,
                    1027.7583007812
                ],
                [
                    2423.873046875,
                    1264.3059082031
                ]
            ],
            "shape_type": "bbox",
            "occluded": 0,
            "object_id": 20,
            "LargeCategory": "artifact, 인공물",
            "MediumCategory": "vehicle, 차량",
            "SmallCategory": "car_vechicle, 승용차"
        },
        {
            "label": "car_vechicle, 승용차",
            "points": [
                [
                    3756.0583496094,
                    120.6221237183
                ],
                [
                    3831.8796386719,
                    211.9914855957
                ]
            ],
            "shape_type": "bbox",
            "occluded": 0,
            "object_id": 21,
            "LargeCategory": "artifact, 인공물",
            "MediumCategory": "vehicle, 차량",
            "SmallCategory": "car_vechicle, 승용차"
        },
        {
            "label": "car_vechicle, 승용차",
            "points": [
                [
                    2494.7880859375,
                    1145.4768066406
                ],
                [
                    2598.880859375,
                    1364.9903564453
                ]
            ],
            "shape_type": "bbox",
            "occluded": 0,
            "object_id": 22,
            "LargeCategory": "artifact, 인공물",
            "MediumCategory": "vehicle, 차량",
            "SmallCategory": "car_vechicle, 승용차"
        },
        {
            "label": "motorcycle, bike_vehicle, 오토바이, 자전거",
            "points": [
                [
                    1502.3020019531,
                    958.9911499023
                ],
                [
                    1606.2028808594,
                    1007.9684448242
                ]
            ],
            "shape_type": "bbox",
            "occluded": 0,
            "object_id": 23,
            "LargeCategory": "artifact, 인공물",
            "MediumCategory": "vehicle, 차량",
            "SmallCategory": "motorcycle, bike_vehicle, 오토바이, 자전거"
        }
    ]
}