{
    "info": {
        "image_name": "00002889.jpg",
        "mission": "도심지",
        "region_name": "Daegu-Geumho-District",
        "width": 3840,
        "height": 2160,
        "date": "202007171236",
        "frame_id": "00002889",
        "copyright": "ISLab, University of Ulsan, https://islab.ulsan.ac.kr",
        "altitude": "59.800001913600006",
        "latitude": "35.8949607288284",
        "longitude": "128.515809910505",
        "weather": "sunny",
        "device": "카메라",
        "drone_name": "DJI Mavic2",
        "angle": "90",
        "speed": "6.6213424 m/s"
    },
    "shapes": [
        {
            "label": "tree, 나무",
            "points": [
                [
                    1482.7935791016,
                    1623.3883056641
                ],
                [
                    1752.6162109375,
                    1946.8676757812
                ]
            ],
            "shape_type": "bbox",
            "occluded": 0,
            "object_id": 1,
            "LargeCategory": "natural, 자연물",
            "MediumCategory": "tree, 나무",
            "SmallCategory": ""
        },
        {
            "label": "tree, 나무",
            "points": [
                [
                    3438.4169921875,
                    1505.1298828125
                ],
                [
                    3733.6142578125,
                    1798.9923095703
                ]
            ],
            "shape_type": "bbox",
            "occluded": 0,
            "object_id": 2,
            "LargeCategory": "natural, 자연물",
            "MediumCategory": "tree, 나무",
            "SmallCategory": ""
        },
        {
            "label": "tree, 나무",
            "points": [
                [
                    1050.388671875,
                    1538.5006103516
                ],
                [
                    1356.5192871094,
                    1876.0129394531
                ]
            ],
            "shape_type": "bbox",
            "occluded": 0,
            "object_id": 3,
            "LargeCategory": "natural, 자연물",
            "MediumCategory": "tree, 나무",
            "SmallCategory": ""
        },
        {
            "label": "tree, 나무",
            "points": [
                [
                    1381.4221191406,
                    1202.4468994141
                ],
                [
                    1735.2917480469,
                    1514.4813232422
                ]
            ],
            "shape_type": "bbox",
            "occluded": 0,
            "object_id": 4,
            "LargeCategory": "natural, 자연물",
            "MediumCategory": "tree, 나무",
            "SmallCategory": ""
        },
        {
            "label": "tree, 나무",
            "points": [
                [
                    3551.2290039062,
                    612.2130737305
                ],
                [
                    3745.3312988281,
                    859.9551391602
                ]
            ],
            "shape_type": "bbox",
            "occluded": 0,
            "object_id": 5,
            "LargeCategory": "natural, 자연물",
            "MediumCategory": "tree, 나무",
            "SmallCategory": ""
        },
        {
            "label": "house, 주택",
            "points": [
                [
                    0.0,
                    1603.6767578125
                ],
                [
                    672.1676635742,
                    2142.3295898438
                ]
            ],
            "shape_type": "bbox",
            "occluded": 0,
            "object_id": 6,
            "LargeCategory": "artifact, 인공물",
            "MediumCategory": "building, 건물",
            "SmallCategory": "house, 주택"
        },
        {
            "label": "house, 주택",
            "points": [
                [
                    304.8884277344,
                    40.391002655
                ],
                [
                    911.0162353516,
                    666.2663574219
                ]
            ],
            "shape_type": "bbox",
            "occluded": 0,
            "object_id": 7,
            "LargeCategory": "artifact, 인공물",
            "MediumCategory": "building, 건물",
            "SmallCategory": "house, 주택"
        },
        {
            "label": "house, 주택",
            "points": [
                [
                    66.7189102173,
                    1011.2315063477
                ],
                [
                    606.0845336914,
                    1528.6927490234
                ]
            ],
            "shape_type": "bbox",
            "occluded": 0,
            "object_id": 8,
            "LargeCategory": "artifact, 인공물",
            "MediumCategory": "building, 건물",
            "SmallCategory": "house, 주택"
        },
        {
            "label": "house, 주택",
            "points": [
                [
                    0.0,
                    138.2587280273
                ],
                [
                    907.7559814453,
                    973.2761230469
                ]
            ],
            "shape_type": "bbox",
            "occluded": 0,
            "object_id": 9,
            "LargeCategory": "artifact, 인공물",
            "MediumCategory": "building, 건물",
            "SmallCategory": "house, 주택"
        },
        {
            "label": "house, 주택",
            "points": [
                [
                    364.2208557129,
                    546.9457397461
                ],
                [
                    915.0554199219,
                    1039.9865722656
                ]
            ],
            "shape_type": "bbox",
            "occluded": 0,
            "object_id": 10,
            "LargeCategory": "artifact, 인공물",
            "MediumCategory": "building, 건물",
            "SmallCategory": "house, 주택"
        },
        {
            "label": "streetlamp, telephone pole, 가로등, 전신주",
            "points": [
                [
                    3571.5515136719,
                    342.9346923828
                ],
                [
                    3821.9055175781,
                    489.4090881348
                ]
            ],
            "shape_type": "bbox",
            "occluded": 0,
            "object_id": 11,
            "LargeCategory": "artifact, 인공물",
            "MediumCategory": "structure, 구조물",
            "SmallCategory": "streetlamp, telephone pole, 가로등, 전신주"
        }
    ]
}